Id,Choice
1,0.336952746
2,0.439337611
3,0.084728353
4,0.163475215
5,0.592559874
6,0.228985459
7,0.689568341
8,0.974692404
9,0.018177226
10,0.681874692
11,0.318279088
12,0.831088662
13,0.624806583
14,0.358886749
15,0.918638051
16,0.769335508
17,0.989561021
18,0.205996394
19,0.882510364
20,0.319267392
21,0.7013309
22,0.085037269
23,0.866515756
24,0.809872091
25,0.103174672
26,0.049278989
27,0.100252748
28,0.304760545
29,0.169349745
30,0.761572421
31,0.051327188
32,0.948262453
33,0.524224281
34,0.906703234
35,0.486396223
36,0.485017002
37,0.319050223
38,0.301022023
39,0.750243485
40,0.442323029
41,0.806755364
42,0.087519504
43,0.099164091
44,0.973633051
45,0.071328759
46,0.747222841
47,0.74976933
48,0.070501737
49,0.094579332
50,0.476754755
51,0.228243798
52,0.060736973
53,0.117819749
54,0.493729383
55,0.956369519
56,0.276763111
57,0.277779222
58,0.490842015
59,0.086142503
60,0.97359246
61,0.199083999
62,0.76180619
63,0.138249293
64,0.374990135
65,0.421195984
66,0.044332832
67,0.337566882
68,0.262366682
69,0.644037843
70,0.508106947
71,0.858478367
72,0.373276979
73,0.237087816
74,0.376550198
75,0.398653269
76,0.778140366
77,0.636268973
78,0.547137916
79,0.041719679
80,0.010634177
81,0.407287091
82,0.030236466
83,0.107345894
84,0.573976159
85,0.329553366
86,0.388556302
87,0.438558578
88,0.113288142
89,0.900895417
90,0.672639608
91,0.211501598
92,0.054051861
93,0.779293478
94,0.898007929
95,0.272813678
96,0.410285681
97,0.922326207
98,0.662196636
99,0.607651353
100,0.431839377
101,0.507002711
102,0.936258137
103,0.906778812
104,0.112339132
105,0.270588934
106,0.730754972
107,0.280605048
108,0.419890404
109,0.280081987
110,0.833567202
111,0.463429391
112,0.196701124
113,0.855458498
114,0.384187639
115,0.970628142
116,0.686037242
117,0.648672283
118,0.979240894
119,0.978992462
120,0.881620288
121,0.898379803
122,0.942266703
123,0.040263891
124,0.742106438
125,0.594957054
126,0.900935888
127,0.700419784
128,0.094346561
129,0.254867405
130,0.855584979
131,0.360875845
132,0.272547364
133,0.242139608
134,0.771206021
135,0.067035042
136,0.644650042
137,0.96745044
138,0.353055567
139,0.74039036
140,0.370841444
141,0.943955004
142,0.877681434
143,0.439566672
144,0.839174628
145,0.418361902
146,0.032214716
147,0.257442296
148,0.035572983
149,0.414706498
150,0.820846856
151,0.16270873
152,0.165144905
153,0.940469027
154,0.926138401
155,0.348661751
156,0.154302195
157,0.737388313
158,0.98989439
159,0.653836548
160,0.385205269
161,0.315431267
162,0.503980815
163,0.65476191
164,0.590818048
165,0.343138218
166,0.496883243
167,0.909934044
168,0.863388181
169,0.242255419
170,0.13279745
171,0.44829911
172,0.279182762
173,0.057544548
174,0.508179724
175,0.236541659
176,0.108897336
177,0.277384222
178,0.975339413
179,0.488884777
180,0.860343814
181,0.182793677
182,0.513023913
183,0.870774686
184,0.524019897
185,0.077021033
186,0.741067648
187,0.270313948
188,0.083382495
189,0.715516806
190,0.95718956
191,0.804868162
192,0.807158589
193,0.052919719
194,0.637930751
195,0.909966826
196,0.923000932
197,0.595344245
198,0.975636363
199,0.837781072
200,0.510057867
201,0.803578854
202,0.939356089
203,0.132102117
204,0.25183773
205,0.905931056
206,0.113780625
207,0.167137221
208,0.744098008
209,0.004792083
210,0.049777023
211,0.956705391
212,0.550597131
213,0.599996507
214,0.726852059
215,0.929393172
216,0.041864786
217,0.833985746
218,0.910221398
219,0.968434393
220,0.071305282
221,0.521802068
222,0.859346092
223,0.196825534
224,0.113729447
225,0.262408435
226,0.244248569
227,0.980636537
228,0.015862433
229,0.877952278
230,0.490036398
231,0.012595572
232,0.086842142
233,0.251349658
234,0.882227242
235,0.808466375
236,0.518631458
237,0.069972478
238,0.622735739
239,0.764373243
240,0.662181497
241,0.957297564
242,0.619349837
243,0.536869764
244,0.90220207
245,0.018828573
246,0.866546631
247,0.033956185
248,0.975642502
249,0.99327749
250,0.438705176
251,0.925669432
252,0.979209781
253,0.356832683
254,0.305436939
255,0.055762138
256,0.052536964
257,0.112552933
258,0.204037502
259,0.319431782
260,0.717287421
261,0.105149917
262,0.991542339
263,0.767826021
264,0.921046257
265,0.750736296
266,0.616697252
267,0.591386557
268,0.438692212
269,0.767538786
270,0.870418131
271,0.363072842
272,0.957819164
273,0.43102783
274,0.100474425
275,0.904548705
276,0.302173316
277,0.947362363
278,0.992219687
279,0.571392298
280,0.376932085
281,0.143847466
282,0.636778951
283,0.699942112
284,0.729851067
285,0.711176515
286,0.68972075
287,0.459201217
288,0.903741062
289,0.583709836
290,0.167283073
291,0.896798551
292,0.97408998
293,0.767327845
294,0.089775689
295,0.958286941
296,0.193000615
297,0.924105525
298,0.962077558
299,0.93809247
300,0.858090639
301,0.022221135
302,0.330822766
303,0.404318511
304,0.404490501
305,0.94742465
306,0.248602733
307,0.014910266
308,0.644295216
309,0.709151864
310,0.061007179
311,0.429158956
312,0.216485605
313,0.270671606
314,0.718090832
315,0.503244579
316,0.785604358
317,0.980907559
318,0.187966302
319,0.385119945
320,0.566253781
321,0.564448655
322,0.757842064
323,0.019955589
324,0.858534157
325,0.9282161
326,0.036578946
327,0.126236618
328,0.675767481
329,0.948392272
330,0.339124233
331,0.376501858
332,0.071833283
333,0.908043146
334,0.045072548
335,0.893716812
336,0.882353544
337,0.499494791
338,0.724837899
339,0.861816108
340,0.82894063
341,0.944655895
342,0.719167411
343,0.842275739
344,0.077328794
345,0.32343626
346,0.280106157
347,0.739660263
348,0.399594694
349,0.628077209
350,0.042718869
351,0.726090193
352,0.405579358
353,0.345860392
354,0.020542005
355,0.47818321
356,0.825272143
357,0.97289288
358,0.637226164
359,0.203007668
360,0.992055714
361,0.449620962
362,0.81889838
363,0.682213724
364,0.088524394
365,0.882378578
366,0.083408467
367,0.142200083
368,0.567829549
369,0.834034622
370,0.932634234
371,0.142849848
372,0.241128579
373,0.906861126
374,0.433437586
375,0.517933965
376,0.887698233
377,0.772249818
378,0.522377014
379,0.130619854
380,0.147649333
381,0.028219968
382,0.620366693
383,0.967902005
384,0.45180884
385,0.105906323
386,0.621251822
387,0.327802509
388,0.22842887
389,0.543665349
390,0.917554259
391,0.780948222
392,0.088903539
393,0.136225045
394,0.106161997
395,0.563195646
396,0.350151509
397,0.553741276
398,0.433660626
399,0.598083615
400,0.013640316
401,0.744736433
402,0.575930893
403,0.159956142
404,0.14283976
405,0.744949639
406,0.984199762
407,0.210646152
408,0.897894442
409,0.765401304
410,0.02458871
411,0.016441548
412,0.560912728
413,0.262395531
414,0.648614943
415,0.467763573
416,0.023894254
417,0.29307422
418,0.035633344
419,0.936478674
420,0.834062636
421,0.416792035
422,0.438993782
423,0.86064285
424,0.079086691
425,0.008259177
426,0.451136261
427,0.445348471
428,0.484875023
429,0.860849977
430,0.687120914
431,0.043362521
432,0.192639068
433,0.801837027
434,0.133691445
435,0.490333676
436,0.913455546
437,0.434412837
438,0.301746935
439,0.347938657
440,0.939219058
441,0.551390886
442,0.72186774
443,0.267695367
444,0.4758268
445,0.631205738
446,0.928112388
447,0.168015853
448,0.523322165
449,0.45905003
450,0.359373987
451,0.311627686
452,0.595667303
453,0.772950172
454,0.557772934
455,0.867327154
456,0.136876047
457,0.180704653
458,0.25715363
459,0.096475139
460,0.223717958
461,0.570646346
462,0.802326322
463,0.592697978
464,0.202018857
465,0.026054855
466,0.111971311
467,0.359333754
468,0.653111875
469,0.831053972
470,0.851054728
471,0.716572583
472,0.765571475
473,0.767344534
474,0.15758796
475,0.253253996
476,0.024763985
477,0.778648257
478,0.827836037
479,0.68435806
480,0.924444258
481,0.928079367
482,0.986368597
483,0.066711485
484,0.853040755
485,0.671956837
486,0.019571144
487,0.158498943
488,0.243978575
489,0.883153915
490,0.603017032
491,0.165099189
492,0.022119125
493,0.97306025
494,0.31888622
495,0.846645296
496,0.845063925
497,0.690774977
498,0.493722796
499,0.564027011
500,0.630248189
501,0.277786016
502,0.246563926
503,0.320121139
504,0.864363372
505,0.956084311
506,0.445902824
507,0.147896588
508,0.90860647
509,0.051159859
510,0.026529979
511,0.355262905
512,0.182936817
513,0.036263198
514,0.268079489
515,0.063686267
516,0.073431224
517,0.01624063
518,0.69577837
519,0.97332406
520,0.187033206
521,0.589574814
522,0.512582481
523,0.804825902
524,0.616516531
525,0.691363811
526,0.443294734
527,0.616974533
528,0.784338295
529,0.914777696
530,0.242178246
531,0.983527422
532,0.762742281
533,0.304291487
534,0.747150183
535,0.058043834
536,0.972492516
537,0.828324735
538,0.544544041
539,0.387743205
540,0.1547582
541,0.09277606
542,0.89880234
543,0.469590724
544,0.832173824
545,0.688309848
546,0.137722269
547,0.556037068
548,0.061182968
549,0.827242076
550,0.013457724
551,0.183463305
552,0.035620585
553,0.538095951
554,0.287383407
555,0.97237736
556,0.018981155
557,0.977726638
558,0.6760993
559,0.976572275
560,0.622367024
561,0.861362219
562,0.161984593
563,0.885761142
564,0.515636981
565,0.768609881
566,0.073492326
567,0.850163698
568,0.38362065
569,0.013434624
570,0.791843891
571,0.978838563
572,0.322879165
573,0.923017025
574,0.102252066
575,0.988235474
576,0.098777115
577,0.019022435
578,0.489052564
579,0.009446589
580,0.913671851
581,0.975131273
582,0.934220552
583,0.322321177
584,0.158691868
585,0.328756332
586,0.8106547
587,0.690722048
588,0.051653489
589,0.041289933
590,0.172289625
591,0.598919094
592,0.544762492
593,0.471436441
594,0.562731564
595,0.878161788
596,0.478409261
597,0.695711374
598,0.905518472
599,0.043900251
600,0.470573366
601,0.193525091
602,0.827308416
603,0.398377955
604,0.880974472
605,0.031633697
606,0.382760316
607,0.494658262
608,0.128385425
609,0.036826182
610,0.802573323
611,0.57516712
612,0.092069551
613,0.615173221
614,0.270760506
615,0.647349775
616,0.444447488
617,0.046048827
618,0.057107147
619,0.548652172
620,0.859774351
621,0.746172667
622,0.108389035
623,0.852125764
624,0.786518812
625,0.015302503
626,0.595860243
627,0.990759671
628,0.301585168
629,0.158411279
630,0.870349467
631,0.498177588
632,0.979405463
633,0.126453921
634,0.121597953
635,0.689756572
636,0.864828646
637,0.099408232
638,0.760784507
639,0.984054267
640,0.041960768
641,0.82323277
642,0.441521525
643,0.212315485
644,0.742677987
645,0.954865217
646,0.880418122
647,0.419954211
648,0.239602298
649,0.923503399
650,0.749349415
651,0.836516738
652,0.391519755
653,0.697456837
654,0.052178051
655,0.079465285
656,0.902065217
657,0.261514515
658,0.462198287
659,0.004600073
660,0.801366627
661,0.280456781
662,0.498455971
663,0.888068378
664,0.624887347
665,0.559079885
666,0.014176637
667,0.296066105
668,0.635416269
669,0.660195947
670,0.983881295
671,0.638191164
672,0.030074183
673,0.36141488
674,0.528529048
675,0.568144441
676,0.049706943
677,0.625677586
678,0.028584491
679,0.466776103
680,0.949333012
681,0.789697111
682,0.627318144
683,0.354154766
684,0.574540198
685,0.906398714
686,0.102060348
687,0.441558719
688,0.234322324
689,0.465511948
690,0.671827435
691,0.981555223
692,0.043880668
693,0.744886518
694,0.747255981
695,0.482382506
696,0.821482241
697,0.848393857
698,0.678818524
699,0.092023805
700,0.995106936
701,0.332801431
702,0.04292519
703,0.320634842
704,0.435413808
705,0.607575119
706,0.100395009
707,0.166792005
708,0.181840822
709,0.903618455
710,0.855784774
711,0.555146396
712,0.026248245
713,0.278108537
714,0.329665542
715,0.040674254
716,0.557142973
717,0.965368271
718,0.95426929
719,0.20581089
720,0.533015609
721,0.538084626
722,0.280664891
723,0.269878477
724,0.096522152
725,0.42312023
726,0.961809993
727,0.109519184
728,0.161218852
729,0.269761086
730,0.194152668
731,0.272615075
732,0.503958762
733,0.78944546
734,0.933677495
735,0.540549099
736,0.607366502
737,0.191846967
738,0.103888832
739,0.147692546
740,0.102163889
741,0.845038176
742,0.876283884
743,0.187593535
744,0.971614897
745,0.626303732
746,0.898589969
747,0.227975652
748,0.176875666
749,0.795075834
750,0.628207922
751,0.200281888
752,0.472350419
753,0.01547873
754,0.623268008
755,0.148705155
756,0.626185358
757,0.605401754
758,0.405712336
759,0.243219182
760,0.908356547
761,0.452505231
762,0.729374588
763,0.70936352
764,0.173811227
765,0.04939834
766,0.432778478
767,0.34632057
768,0.097810246
769,0.835033774
770,0.927921176
771,0.226917595
772,0.171128958
773,0.13820833
774,0.805427313
775,0.117571726
776,0.51506424
777,0.272738844
778,0.977639914
779,0.046720352
780,0.032903388
781,0.951206923
782,0.968820512
783,0.642834783
784,0.447446734
785,0.704277039
786,0.799966335
787,0.674374223
788,0.20450902
789,0.328571409
790,0.89385736
791,0.881018519
792,0.560779929
793,0.163609788
794,0.31853205
795,0.953559697
796,0.953933418
797,0.204090789
798,0.095252462
799,0.070548818
800,0.134625465
801,0.979905009
802,0.490256369
803,0.052508298
804,0.979813516
805,0.412735283
806,0.32243821
807,0.32588926
808,0.857690096
809,0.570132852
810,0.399638176
811,0.373795241
812,0.750310779
813,0.305154979
814,0.918525994
815,0.938768625
816,0.429207385
817,0.835013509
818,0.954859614
819,0.098278396
820,0.184418783
821,0.488331378
822,0.504390895
823,0.949242711
824,0.041357704
825,0.413314044
826,0.024660081
827,0.385555744
828,0.78325069
829,0.463323087
830,0.848000765
831,0.059103817
832,0.593612492
833,0.969495237
834,0.971099436
835,0.34766975
836,0.638137817
837,0.915412843
838,0.803020656
839,0.093191363
840,0.563855588
841,0.363816172
842,0.181408972
843,0.065185256
844,0.308604985
845,0.943561554
846,0.969536602
847,0.525502324
848,0.015132616
849,0.312207967
850,0.67646265
851,0.213853821
852,0.890648067
853,0.966186404
854,0.856648564
855,0.578894138
856,0.730291605
857,0.860300362
858,0.917918205
859,0.797532976
860,0.490359992
861,0.820329547
862,0.362291902
863,0.551737666
864,0.068054639
865,0.523382843
866,0.071912751
867,0.695382714
868,0.935115039
869,0.899044752
870,0.415429533
871,0.896314323
872,0.021112476
873,0.533355355
874,0.937246203
875,0.067491196
876,0.974422634
877,0.811596334
878,0.101172797
879,0.944345236
880,0.738127172
881,0.722345293
882,0.90588361
883,0.953017354
884,0.156523287
885,0.967730224
886,0.317968637
887,0.258931369
888,0.178425178
889,0.854014754
890,0.191800997
891,0.862974167
892,0.165738404
893,0.701203287
894,0.037985075
895,0.76797998
896,0.408834666
897,0.108032912
898,0.027563531
899,0.04592175
900,0.044983774
901,0.398215503
902,0.716811895
903,0.877817333
904,0.790622413
905,0.500002146
906,0.658102334
907,0.367965966
908,0.145904094
909,0.545176983
910,0.98778832
911,0.56881386
912,0.523156404
913,0.607371628
914,0.035236403
915,0.16190657
916,0.38455838
917,0.29917416
918,0.446310222
919,0.854406297
920,0.6449489
921,0.872796059
922,0.035134811
923,0.04066864
924,0.214766592
925,0.109231308
926,0.481787622
927,0.394525886
928,0.84887135
929,0.033439923
930,0.899166405
931,0.061267979
932,0.208437666
933,0.261770517
934,0.68024534
935,0.737793565
936,0.194520772
937,0.339468658
938,0.205496952
939,0.945251346
940,0.055226464
941,0.025595602
942,0.949837089
943,0.282289028
944,0.006747272
945,0.707818389
946,0.278361648
947,0.475428015
948,0.229178384
949,0.102159865
950,0.344613343
951,0.216014773
952,0.744462848
953,0.246371239
954,0.368255168
955,0.100934736
956,0.912945926
957,0.611125886
958,0.028584477
959,0.810041547
960,0.34274748
961,0.982912064
962,0.750081897
963,0.946570516
964,0.038151607
965,0.662909508
966,0.923080802
967,0.804335952
968,0.861800134
969,0.280170798
970,0.901395023
971,0.208924398
972,0.641554654
973,0.668904126
974,0.810964584
975,0.381507337
976,0.146124184
977,0.209893793
978,0.340402842
979,0.823206425
980,0.960478604
981,0.739244699
982,0.413304687
983,0.219937488
984,0.817055643
985,0.968753576
986,0.094880708
987,0.420218796
988,0.259444326
989,0.590016246
990,0.519594133
991,0.363280177
992,0.733098388
993,0.830602705
994,0.045718193
995,0.251537561
996,0.793154895
997,0.858537734
998,0.522910714
999,0.700167179
1000,0.507842779
1001,0.918816864
1002,0.026279533
1003,0.991985798
1004,0.312091559
1005,0.924607933
1006,0.762602746
1007,0.431600034
1008,0.891675234
1009,0.95240885
1010,0.870862603
1011,0.985307097
1012,0.413867235
1013,0.16376318
1014,0.542143226
1015,0.044562466
1016,0.929240406
1017,0.089989252
1018,0.325869232
1019,0.908412516
1020,0.817855597
1021,0.491438925
1022,0.260908902
1023,0.783586144
1024,0.134922877
1025,0.879404902
1026,0.462216169
1027,0.091828525
1028,0.032404702
1029,0.05560014
1030,0.367728263
1031,0.338080227
1032,0.556796372
1033,0.977107882
1034,0.784951925
1035,0.97267735
1036,0.126576647
1037,0.690134406
1038,0.91589278
1039,0.510574818
1040,0.311340213
1041,0.379706711
1042,0.955986917
1043,0.780049503
1044,0.422986358
1045,0.480135232
1046,0.757908463
1047,0.32134369
1048,0.314256877
1049,0.679247975
1050,0.81512177
1051,0.959121108
1052,0.460336447
1053,0.337401211
1054,0.327403396
1055,0.09143126
1056,0.331710368
1057,0.299272656
1058,0.88980794
1059,0.009504182
1060,0.969940305
1061,0.612345219
1062,0.216690525
1063,0.682890654
1064,0.561246336
1065,0.146690324
1066,0.672903538
1067,0.750913322
1068,0.43445307
1069,0.82350868
1070,0.758581519
1071,0.933547556
1072,0.854186773
1073,0.110361405
1074,0.169896796
1075,0.256211638
1076,0.651242912
1077,0.783470631
1078,0.327198297
1079,0.031570837
1080,0.023368835
1081,0.973031104
1082,0.212734491
1083,0.542184174
1084,0.020193739
1085,0.243586764
1086,0.384724915
1087,0.0141431
1088,0.42513603
1089,0.036404531
1090,0.958307564
1091,0.436344504
1092,0.694966435
1093,0.682804286
1094,0.86964041
1095,0.065592602
1096,0.941870391
1097,0.559469402
1098,0.966226697
1099,0.940976799
1100,0.975735605
1101,0.780435622
1102,0.371525079
1103,0.825193346
1104,0.984428287
1105,0.825098872
1106,0.202049211
1107,0.90222609
1108,0.040717203
1109,0.202276647
1110,0.65423131
1111,0.071781553
1112,0.658636868
1113,0.101070151
1114,0.663843811
1115,0.412076861
1116,0.699535728
1117,0.029452855
1118,0.322481781
1119,0.14466472
1120,0.261787355
1121,0.852809191
1122,0.414701402
1123,0.047755107
1124,0.728140771
1125,0.604838014
1126,0.28345722
1127,0.354895949
1128,0.301658332
1129,0.044860523
1130,0.421606362
1131,0.261465281
1132,0.861172318
1133,0.154542446
1134,0.929788232
1135,0.326010317
1136,0.119002543
1137,0.4172934
1138,0.444267571
1139,0.771183014
1140,0.278331697
1141,0.717606843
1142,0.394567519
1143,0.06553667
1144,0.132248893
1145,0.988695204
1146,0.847460687
1147,0.88791436
1148,0.40089792
1149,0.692631364
1150,0.575259447
1151,0.227482364
1152,0.269724905
1153,0.711018145
1154,0.195824713
1155,0.543843806
1156,0.690445602
1157,0.321935624
1158,0.257839948
1159,0.423875719
1160,0.837413073
1161,0.096212715
1162,0.323547214
1163,0.366171896
1164,0.481053919
1165,0.948066533
1166,0.008533892
1167,0.055445202
1168,0.391599596
1169,0.450893134
1170,0.067521788
1171,0.129016981
1172,0.122623436
1173,0.1472909
1174,0.027942238
1175,0.906232655
1176,0.378775597
1177,0.569953382
1178,0.012322541
1179,0.160719171
1180,0.563094318
1181,0.808712244
1182,0.083592147
1183,0.983944535
1184,0.387230188
1185,0.479675978
1186,0.118509538
1187,0.550088584
1188,0.073344804
1189,0.96129936
1190,0.054247219
1191,0.27986306
1192,0.497312784
1193,0.909172118
1194,0.770384192
1195,0.387995094
1196,0.822503984
1197,0.442861199
1198,0.393824935
1199,0.870464921
1200,0.74269563
1201,0.45446372
1202,0.112257391
1203,0.959329903
1204,0.96071595
1205,0.978859305
1206,0.340642929
1207,0.632422388
1208,0.055574536
1209,0.70488143
1210,0.64067167
1211,0.087756068
1212,0.489839524
1213,0.313411295
1214,0.178269118
1215,0.604742825
1216,0.216702044
1217,0.447972089
1218,0.329210132
1219,0.953904629
1220,0.964503229
1221,0.903048754
1222,0.70925653
1223,0.674795926
1224,0.100407153
1225,0.436901659
1226,0.935826957
1227,0.477112472
1228,0.081321634
1229,0.679906368
1230,0.941535234
1231,0.555080712
1232,0.662269771
1233,0.278288007
1234,0.432011873
1235,0.501650751
1236,0.425875008
1237,0.029628126
1238,0.170999095
1239,0.013338882
1240,0.269310504
1241,0.098130889
1242,0.016623361
1243,0.138552099
1244,0.497097135
1245,0.213609397
1246,0.761396408
1247,0.566461325
1248,0.577193677
1249,0.909985602
1250,0.827789009
1251,0.405031145
1252,0.474264383
1253,0.48498413
1254,0.927128792
1255,0.176837951
1256,0.841561377
1257,0.965493202
1258,0.990099549
1259,0.807237744
1260,0.314121783
1261,0.918610036
1262,0.391527981
1263,0.505198956
1264,0.330426186
1265,0.218179047
1266,0.317706168
1267,0.986591876
1268,0.404041052
1269,0.825061858
1270,0.843977511
1271,0.270476311
1272,0.616135836
1273,0.675527692
1274,0.379935831
1275,0.116435811
1276,0.284438938
1277,0.649216413
1278,0.484471411
1279,0.784905136
1280,0.609211206
1281,0.041120943
1282,0.123632714
1283,0.920802176
1284,0.515927792
1285,0.480214924
1286,0.753224194
1287,0.252461046
1288,0.984071195
1289,0.420593858
1290,0.173782006
1291,0.54559201
1292,0.167052165
1293,0.072290957
1294,0.251600891
1295,0.925602615
1296,0.754489601
1297,0.06201547
1298,0.17010434
1299,0.135836557
1300,0.962799668
1301,0.082574695
1302,0.024118505
1303,0.39651531
1304,0.408018619
1305,0.756887496
1306,0.670522511
1307,0.525631964
1308,0.059178729
1309,0.69825691
1310,0.183814451
1311,0.591377378
1312,0.049222574
1313,0.060877953
1314,0.528643727
1315,0.187049747
1316,0.905336201
1317,0.902302325
1318,0.619982481
1319,0.882512271
1320,0.923686266
1321,0.863440573
1322,0.749406397
1323,0.059574448
1324,0.486963123
1325,0.150512099
1326,0.887145877
1327,0.037502997
1328,0.095141694
1329,0.043227494
1330,0.460552514
1331,0.044473559
1332,0.976339281
1333,0.831165969
1334,0.913734317
1335,0.982302904
1336,0.14118804
1337,0.807875633
1338,0.025173044
1339,0.247091889
1340,0.754709244
1341,0.041840654
1342,0.472309023
1343,0.231016636
1344,0.077187784
1345,0.975896597
1346,0.648616791
1347,0.17770943
1348,0.411542088
1349,0.809407532
1350,0.991374373
1351,0.526722491
1352,0.284524292
1353,0.641770363
1354,0.755856574
1355,0.126108572
1356,0.268245459
1357,0.165944144
1358,0.780122221
1359,0.464731783
1360,0.728720725
1361,0.958641887
1362,0.820253491
1363,0.947737694
1364,0.401341289
1365,0.861994743
1366,0.48780489
1367,0.880388081
1368,0.048875511
1369,0.214008719
1370,0.904835403
1371,0.194513902
1372,0.10651847
1373,0.650671363
1374,0.841364563
1375,0.526868224
1376,0.728881955
1377,0.079749256
1378,0.948904753
1379,0.751967192
1380,0.574223936
1381,0.147194102
1382,0.429425329
1383,0.755163133
1384,0.139918104
1385,0.073190607
1386,0.454345554
1387,0.498014867
1388,0.481880188
1389,0.973101854
1390,0.207470343
1391,0.008901783
1392,0.64498812
1393,0.970160544
1394,0.253973037
1395,0.43863833
1396,0.943264067
1397,0.659801364
1398,0.426228672
1399,0.98879981
1400,0.438064694
1401,0.245510712
1402,0.444339782
1403,0.690791845
1404,0.440710515
1405,0.671886206
1406,0.834429026
1407,0.916088998
1408,0.436731607
1409,0.207194388
1410,0.818288028
1411,0.672072887
1412,0.016428262
1413,0.062700078
1414,0.045797277
1415,0.257694721
1416,0.990153193
1417,0.949078918
1418,0.275868952
1419,0.818568051
1420,0.552616477
1421,0.553112209
1422,0.044318289
1423,0.035600442
1424,0.625343859
1425,0.971309006
1426,0.683472931
1427,0.767471671
1428,0.005880869
1429,0.937009037
1430,0.821018815
1431,0.889112294
1432,0.864115
1433,0.046620484
1434,0.52244103
1435,0.829274893
1436,0.75795722
1437,0.511518538
1438,0.670816779
1439,0.710048616
1440,0.567241609
1441,0.74228549
1442,0.251145571
1443,0.884815872
1444,0.222715363
1445,0.982103527
1446,0.977945864
1447,0.820751905
1448,0.699156761
1449,0.250087947
1450,0.515355229
1451,0.061358895
1452,0.543613851
1453,0.749231517
1454,0.107204698
1455,0.313288003
1456,0.609369099
1457,0.587518871
1458,0.713056087
1459,0.198523864
1460,0.373545855
1461,0.545523703
1462,0.512691796
1463,0.552692235
1464,0.524429083
1465,0.05671012
1466,0.679910183
1467,0.338588208
1468,0.489108533
1469,0.984629035
1470,0.872212887
1471,0.572327852
1472,0.447269887
1473,0.553516924
1474,0.690464735
1475,0.990636051
1476,0.778983116
1477,0.06416291
1478,0.901405215
1479,0.551308036
1480,0.891885877
1481,0.803811371
1482,0.992792308
1483,0.140128806
1484,0.933752298
1485,0.422460288
1486,0.029335072
1487,0.960788846
1488,0.678828359
1489,0.79001087
1490,0.626566112
1491,0.720020056
1492,0.334178329
1493,0.743414044
1494,0.957498372
1495,0.246526986
1496,0.720395982
1497,0.894159198
1498,0.045943327
1499,0.89299202
1500,0.425991118
1501,0.266789377
1502,0.154657632
1503,0.810994148
1504,0.958127975
1505,0.703885913
1506,0.438301265
1507,0.751963258
1508,0.991181135
1509,0.353622705
1510,0.828192294
1511,0.081727758
1512,0.822902501
1513,0.941938937
1514,0.575466454
1515,0.980392873
1516,0.681624353
1517,0.542884946
1518,0.674284458
1519,0.395445228
1520,0.548900247
1521,0.119301163
1522,0.538586795
1523,0.953566015
1524,0.34940654
1525,0.353485018
1526,0.730406523
1527,0.030129265
1528,0.555582583
1529,0.835531235
1530,0.561986685
1531,0.833537996
1532,0.634297669
1533,0.354073972
1534,0.060297865
1535,0.804132819
1536,0.055567443
1537,0.013009497
1538,0.651524067
1539,0.956151903
1540,0.198875099
1541,0.838510334
1542,0.036480721
1543,0.058842096
1544,0.838087022
1545,0.981330574
1546,0.632815123
1547,0.569851458
1548,0.270962059
1549,0.808318198
1550,0.116292864
1551,0.660764754
1552,0.167275831
1553,0.97872901
1554,0.491024256
1555,0.472676784
1556,0.043794427
1557,0.091869406
1558,0.986596763
1559,0.509550154
1560,0.512751818
1561,0.252860248
1562,0.052871671
1563,0.333842427
1564,0.31824103
1565,0.242312223
1566,0.064137697
1567,0.918360591
1568,0.938438118
1569,0.007124387
1570,0.816069663
1571,0.664477527
1572,0.044068512
1573,0.627799034
1574,0.532490373
1575,0.764933646
1576,0.757469654
1577,0.043676559
1578,0.062894478
1579,0.462201625
1580,0.630545497
1581,0.369044811
1582,0.725926399
1583,0.784413218
1584,0.016498385
1585,0.268808812
1586,0.018276595
1587,0.813437819
1588,0.766890287
1589,0.530507803
1590,0.839896441
1591,0.449209839
1592,0.812238514
1593,0.724080861
1594,0.57165879
1595,0.278722227
1596,0.578185976
1597,0.536656439
1598,0.610461235
1599,0.205506012
1600,0.339995623
1601,0.123827763
1602,0.938384056
1603,0.69684279
1604,0.918042421
1605,0.098034605
1606,0.049984623
1607,0.787753463
1608,0.768411219
1609,0.009381229
1610,0.80965358
1611,0.685402513
1612,0.561402977
1613,0.030237529
1614,0.770664036
1615,0.030393824
1616,0.321161062
1617,0.877417445
1618,0.489324957
1619,0.913160324
1620,0.126388997
1621,0.748975217
1622,0.182423547
1623,0.401210636
1624,0.507374167
1625,0.292820424
1626,0.936596513
1627,0.252592832
1628,0.95614171
1629,0.088913344
1630,0.51477921
1631,0.706832111
1632,0.56153363
1633,0.230456814
1634,0.396069258
1635,0.952493131
1636,0.762100935
1637,0.071000554
1638,0.734994352
1639,0.097916141
1640,0.680853486
1641,0.979565024
1642,0.983684301
1643,0.742669046
1644,0.592992842
1645,0.613404632
1646,0.955588341
1647,0.79671675
1648,0.984629631
1649,0.576799691
1650,0.11208488
1651,0.115215078
1652,0.993362546
1653,0.450938314
1654,0.479905456
1655,0.923359036
1656,0.917027473
1657,0.339036673
1658,0.847191632
1659,0.066067591
1660,0.086916931
1661,0.699379861
1662,0.987047732
1663,0.039150011
1664,0.949952185
1665,0.903534174
1666,0.734183431
1667,0.105883561
1668,0.197764888
1669,0.260161102
1670,0.472723275
1671,0.640713692
1672,0.977799594
1673,0.44958204
1674,0.200062796
1675,0.550814629
1676,0.376079381
1677,0.431958914
1678,0.628448188
1679,0.587672234
1680,0.134871349
1681,0.653478563
1682,0.94507879
1683,0.375087887
1684,0.570472062
1685,0.197956845
1686,0.728880584
1687,0.735301495
1688,0.151598275
1689,0.547558665
1690,0.020069594
1691,0.963748038
1692,0.200100705
1693,0.884625375
1694,0.292539179
1695,0.628137171
1696,0.577222884
1697,0.027867343
1698,0.209031135
1699,0.601220429
1700,0.6933406
1701,0.756893396
1702,0.407724679
1703,0.332063228
1704,0.931645095
1705,0.262301266
1706,0.44230026
1707,0.075186871
1708,0.181308508
1709,0.703620076
1710,0.287522256
1711,0.896598518
1712,0.250315398
1713,0.570510626
1714,0.594646931
1715,0.555144429
1716,0.9527753
1717,0.921047747
1718,0.478936851
1719,0.534894586
1720,0.808265805
1721,0.200366214
1722,0.032623146
1723,0.065401629
1724,0.045951791
1725,0.118606046
1726,0.840125203
1727,0.414517999
1728,0.721630394
1729,0.647255778
1730,0.667365551
1731,0.07270769
1732,0.036283929
1733,0.01661413
1734,0.331427932
1735,0.507852316
1736,0.865077853
1737,0.918333232
1738,0.473356426
1739,0.280023009
1740,0.507406354
1741,0.642773986
1742,0.866542578
1743,0.615943789
1744,0.327803791
1745,0.526535571
1746,0.784256518
1747,0.77922821
1748,0.453530818
1749,0.331908107
1750,0.168961376
1751,0.452976912
1752,0.391772956
1753,0.583709836
1754,0.450624526
1755,0.413776726
1756,0.898793697
1757,0.88294661
1758,0.284013003
1759,0.367827922
1760,0.422420621
1761,0.793286145
1762,0.608562589
1763,0.321738422
1764,0.01836127
1765,0.161798745
1766,0.96724987
1767,0.179951891
1768,0.924104214
1769,0.743417859
1770,0.140640348
1771,0.82017833
1772,0.442836672
1773,0.516016424
1774,0.619709194
1775,0.867621958
1776,0.283788651
1777,0.507735789
1778,0.779833853
1779,0.686705589
1780,0.01086038
1781,0.279749215
1782,0.840407908
1783,0.993974149
1784,0.014271919
1785,0.079049341
1786,0.764690042
1787,0.4005256
1788,0.891546905
1789,0.650812685
1790,0.478652269
1791,0.201445207
1792,0.48237285
1793,0.907645404
1794,0.093084767
1795,0.984020352
1796,0.935622752
1797,0.715129614
1798,0.473928422
1799,0.025983848
1800,0.334375769
1801,0.337052852
1802,0.958020926
1803,0.787776351
1804,0.992229879
1805,0.440628618
1806,0.548818707
1807,0.799623787
1808,0.901104689
1809,0.962291658
1810,0.213883027
1811,0.228062436
1812,0.861597002
1813,0.31542787
1814,0.71914947
1815,0.008318163
1816,0.070173353
1817,0.10693033
1818,0.831487238
1819,0.397749752
1820,0.771910071
1821,0.821902752
1822,0.262214482
1823,0.084137365
1824,0.80867368
1825,0.592103601
1826,0.934735596
1827,0.901166081
1828,0.61816448
1829,0.16230081
1830,0.768269479
1831,0.054319456
1832,0.185652673
1833,0.831092715
1834,0.327522427
1835,0.084220916
1836,0.854410112
1837,0.890862823
1838,0.23908633
1839,0.067732275
1840,0.640564859
1841,0.971938133
1842,0.011564303
1843,0.912469268
1844,0.059559871
1845,0.955505013
1846,0.024675319
1847,0.583408952
1848,0.113574564
1849,0.057016708
1850,0.568681419
1851,0.29981342
1852,0.597807586
1853,0.064986184
1854,0.318445593
1855,0.052140638
1856,0.393292993
1857,0.090521321
1858,0.492002279
1859,0.150250942
1860,0.898230076
1861,0.958367348
1862,0.379448354
1863,0.702797532
1864,0.507224321
1865,0.980538666
1866,0.342478514
1867,0.399972469
1868,0.048602816
1869,0.961347818
1870,0.272306591
1871,0.853664577
1872,0.236847982
1873,0.335489362
1874,0.295081347
1875,0.872213244
1876,0.465489686
1877,0.340566874
1878,0.293294191
1879,0.054371696
1880,0.248093128
1881,0.37287578
1882,0.255010039
1883,0.382371157
1884,0.268114716
1885,0.098068222
1886,0.880516589
1887,0.48862803
1888,0.285820812
1889,0.13973473
1890,0.430897325
1891,0.602789819
1892,0.409493923
1893,0.103788204
1894,0.442054003
1895,0.832876563
1896,0.206169978
1897,0.097161189
1898,0.917581201
1899,0.7082147
1900,0.447012544
1901,0.360591799
1902,0.340031445
1903,0.254997045
1904,0.025383325
1905,0.045048315
1906,0.602840364
1907,0.517037332
1908,0.236973688
1909,0.684262395
1910,0.055113394
1911,0.13747555
1912,0.533251166
1913,0.336096287
1914,0.263770312
1915,0.454890758
1916,0.295177579
1917,0.549044192
1918,0.59026283
1919,0.025403451
1920,0.102147102
1921,0.575583041
1922,0.708930016
1923,0.135373145
1924,0.709332049
1925,0.078978777
1926,0.084326617
1927,0.238164455
1928,0.828501523
1929,0.855751276
1930,0.945569515
1931,0.595601499
1932,0.942647874
1933,0.840993464
1934,0.5280146
1935,0.622694433
1936,0.955912769
1937,0.975490868
1938,0.742232442
1939,0.638559341
1940,0.744361043
1941,0.987757862
1942,0.02475539
1943,0.878280401
1944,0.095944539
1945,0.578594863
1946,0.451638937
1947,0.96237433
1948,0.157623991
1949,0.044579253
1950,0.185870543
1951,0.327060938
1952,0.444286495
1953,0.058120273
1954,0.689098001
1955,0.607891023
1956,0.559541643
1957,0.870986462
1958,0.163215861
1959,0.350016743
1960,0.619301736
1961,0.035116833
1962,0.145368308
1963,0.741681874
1964,0.653004169
1965,0.010857735
1966,0.394516259
1967,0.91832298
1968,0.580971241
1969,0.604455769
1970,0.545372725
1971,0.124221571
1972,0.88992542
1973,0.369636297
1974,0.508802235
1975,0.293368369
1976,0.219863757
1977,0.789931476
1978,0.333479911
1979,0.93168503
1980,0.974867284
1981,0.395298004
1982,0.055408489
1983,0.24320142
1984,0.913978398
1985,0.868627727
1986,0.206939161
1987,0.954961419
1988,0.846222758
1989,0.400058776
1990,0.759851217
1991,0.410671026
1992,0.568250477
1993,0.066445254
1994,0.348478198
1995,0.800477564
1996,0.377841651
1997,0.478225827
1998,0.987244308
1999,0.024631359
2000,0.21743685
2001,0.069282703
2002,0.456992447
2003,0.925480843
2004,0.095863201
2005,0.823063016
2006,0.404842585
2007,0.350806266
2008,0.422304064
2009,0.408761859
2010,0.941340983
2011,0.897479713
2012,0.122678317
2013,0.480291426
2014,0.961626351
2015,0.884895146
2016,0.021716785
2017,0.725354135
2018,0.966622174
2019,0.579716146
2020,0.016669568
2021,0.643823385
2022,0.974898696
2023,0.259194285
2024,0.229222298
2025,0.031868834
2026,0.991845071
2027,0.196789116
2028,0.49880293
2029,0.738235354
2030,0.986515582
2031,0.018455926
2032,0.849638462
2033,0.853876054
2034,0.492972583
2035,0.969521821
2036,0.014840398
2037,0.315772593
2038,0.738188446
2039,0.821931183
2040,0.546613276
2041,0.364358753
2042,0.99034363
2043,0.632409096
2044,0.196327969
2045,0.724171817
2046,0.477006137
2047,0.981078506
2048,0.897209942
2049,0.876054168
2050,0.211596027
2051,0.663786173
2052,0.906252742
2053,0.054246232
2054,0.619867861
2055,0.816145658
2056,0.856953979
2057,0.057172179
2058,0.642569423
2059,0.136744201
2060,0.574319601
2061,0.061340742
2062,0.475844741
2063,0.633873582
2064,0.983790815
2065,0.911849499
2066,0.667390347
2067,0.953134298
2068,0.728349805
2069,0.449182063
2070,0.396647304
2071,0.080722108
2072,0.266719133
2073,0.651762366
2074,0.976487696
2075,0.102102324
2076,0.265599459
2077,0.78315568
2078,0.146424726
2079,0.886468768
2080,0.903109968
2081,0.937736154
2082,0.362392008
2083,0.938517153
2084,0.186314151
2085,0.422670364
2086,0.202607229
2087,0.829402864
2088,0.577290535
2089,0.372417629
2090,0.387211591
2091,0.603012979
2092,0.193537056
2093,0.077506572
2094,0.485173464
2095,0.182367563
2096,0.384421229
2097,0.690398991
2098,0.950139046
2099,0.549704432
2100,0.727631509
2101,0.174889684
2102,0.852916658
2103,0.374016911
2104,0.303781629
2105,0.491402239
2106,0.903905153
2107,0.396537006
2108,0.294605315
2109,0.708919227
2110,0.612757742
2111,0.662384868
2112,0.342626035
2113,0.42905882
2114,0.236980453
2115,0.445601285
2116,0.605511129
2117,0.335610211
2118,0.406290591
2119,0.56866467
2120,0.026555138
2121,0.123188637
2122,0.813514352
2123,0.163821816
2124,0.902927756
2125,0.643804491
2126,0.074504875
2127,0.517712593
2128,0.986796141
2129,0.786013842
2130,0.050659217
2131,0.107123673
2132,0.050785795
2133,0.376603991
2134,0.280703396
2135,0.887939036
2136,0.293229222
2137,0.008852424
2138,0.74879396
2139,0.887910903
2140,0.396665782
2141,0.823207438
2142,0.318253577
2143,0.179841802
2144,0.097053461
2145,0.861339867
2146,0.208409384
2147,0.54853791
2148,0.790409505
2149,0.049672864
2150,0.645876288
2151,0.756182134
2152,0.18909508
2153,0.32851696
2154,0.261833251
2155,0.731892884
2156,0.06802085
2157,0.047651839
2158,0.272692323
2159,0.825828552
2160,0.330471992
2161,0.699648201
2162,0.088173516
2163,0.23335354
2164,0.395333797
2165,0.644105911
2166,0.986170053
2167,0.932177484
2168,0.268674672
2169,0.430234432
2170,0.810844779
2171,0.147888184
2172,0.298599988
2173,0.210261613
2174,0.507700861
2175,0.74867326
2176,0.019506572
2177,0.132649347
2178,0.559791267
2179,0.471161455
2180,0.561339617
2181,0.198677629
2182,0.058616951
2183,0.141297638
2184,0.266977698
2185,0.053023461
2186,0.872313857
2187,0.258716762
2188,0.036419369
2189,0.519062281
2190,0.016953768
2191,0.251331508
2192,0.359378725
2193,0.988015711
2194,0.885324836
2195,0.6036129
2196,0.017111132
2197,0.856409431
2198,0.41841656
2199,0.097148314
2200,0.939292312
2201,0.640299559
2202,0.68450141
2203,0.663846433
2204,0.983059585
2205,0.38049385
2206,0.408639461
2207,0.729163766
2208,0.702427864
2209,0.24781841
2210,0.64078033
2211,0.357312679
2212,0.716283262
2213,0.334693313
2214,0.504840314
2215,0.806134939
2216,0.383194804
2217,0.834715486
2218,0.164050266
2219,0.962795615
2220,0.982498109
2221,0.647996902
2222,0.942279637
2223,0.702322841
2224,0.863340318
2225,0.026001349
2226,0.397404045
2227,0.035195868
2228,0.056752745
2229,0.350981295
2230,0.690211654
2231,0.746401906
2232,0.735492766
2233,0.788781524
2234,0.620136261
2235,0.764680147
2236,0.597784102
2237,0.8342942
2238,0.226258382
2239,0.909533203
2240,0.809074759
2241,0.96099925
2242,0.650098264
2243,0.947498143
2244,0.205063879
2245,0.197696239
2246,0.726214826
2247,0.969084203
2248,0.822714746
2249,0.238132313
2250,0.965508878
2251,0.83731544
2252,0.46557045
2253,0.056645926
2254,0.57668674
2255,0.883381486
2256,0.498848677
2257,0.204493791
2258,0.800876498
2259,0.270729661
2260,0.765730679
2261,0.119055711
2262,0.419678301
2263,0.772504389
2264,0.887329042
2265,0.00910808
2266,0.325302392
2267,0.075383194
2268,0.848628402
2269,0.990635455
2270,0.315124989
2271,0.125897571
2272,0.450569242
2273,0.952842653
2274,0.962438345
2275,0.96850431
2276,0.363244593
2277,0.060380429
2278,0.229487956
2279,0.684381425
2280,0.993611157
2281,0.106217556
2282,0.822242916
2283,0.573239505
2284,0.264797926
2285,0.616469681
2286,0.277178288
2287,0.083859861
2288,0.219854832
2289,0.106696941
2290,0.195906132
2291,0.218750313
2292,0.806461573
2293,0.281752229
2294,0.180631161
2295,0.734880686
2296,0.23920764
2297,0.717353046
2298,0.437898129
2299,0.710534334
2300,0.44883582
2301,0.581525564
2302,0.979658306
2303,0.934360862
2304,0.229227871
2305,0.773535967
2306,0.04740797
2307,0.617327034
2308,0.623161614
2309,0.367594063
2310,0.186923489
2311,0.033049639
2312,0.016276114
2313,0.538319349
2314,0.327670455
2315,0.320889533
2316,0.928584874
2317,0.443071336
2318,0.663416803
2319,0.24596405
2320,0.034224577
2321,0.8550964
2322,0.213249266
2323,0.64367348
2324,0.733715415
2325,0.567614436
2326,0.653170586
2327,0.370225996
2328,0.731100023
2329,0.441642672
2330,0.693099976
2331,0.210449502
2332,0.016874988
2333,0.382827193
2334,0.853053033
2335,0.936736822
2336,0.712042689
2337,0.985210121
2338,0.76057744
2339,0.098976538
2340,0.207985848
2341,0.778079987
2342,0.525739312
2343,0.684757888
2344,0.967451453
2345,0.34041059
2346,0.483159244
2347,0.081278481
2348,0.196397543
2349,0.816127896
2350,0.957541823
2351,0.118279956
2352,0.466082692
2353,0.021036044
2354,0.684985578
2355,0.978268147
2356,0.9862023
2357,0.568177998
2358,0.95536226
2359,0.634941518
2360,0.815313518
2361,0.840789378
2362,0.887106299
2363,0.900690317
2364,0.40152061
2365,0.410499513
2366,0.110961378
2367,0.114399225
2368,0.946271718
2369,0.90453738
2370,0.291695774
2371,0.811396658
2372,0.830558777
2373,0.099611722
2374,0.318646312
2375,0.709469378
2376,0.837501287
2377,0.767901957
2378,0.288917363
2379,0.899179399
2380,0.215640724
2381,0.934446692
2382,0.501961887
2383,0.026158005
2384,0.367909104
2385,0.052837852
2386,0.920621872
2387,0.749069095
2388,0.636053085
2389,0.24233681
2390,0.221876383
2391,0.403046101
2392,0.156983092
2393,0.774455905
2394,0.914530754
2395,0.233712077
2396,0.393940687
2397,0.352583647
2398,0.044832118
2399,0.090141721
2400,0.888542116
2401,0.266279429
2402,0.479933619
2403,0.105274297
2404,0.956878185
2405,0.306737602
2406,0.354264885
2407,0.829103589
2408,0.048268363
2409,0.177739769
2410,0.224911496
2411,0.382241458
2412,0.054754846
2413,0.432122231
2414,0.639248967
2415,0.650998354
2416,0.414873868
2417,0.659828365
2418,0.91492182
2419,0.268784314
2420,0.704731286
2421,0.283595532
2422,0.46855253
2423,0.014651423
2424,0.528808713
2425,0.619730055
2426,0.31218183
2427,0.869329512
2428,0.870066941
2429,0.691082716
2430,0.321064174
2431,0.811901987
2432,0.376355529
2433,0.328023314
2434,0.901512325
2435,0.7356475
2436,0.714452505
2437,0.479141057
2438,0.067934923
2439,0.56978941
2440,0.097774744
2441,0.950376034
2442,0.960446656
2443,0.35275653
2444,0.991167843
2445,0.670283139
2446,0.064893283
2447,0.109840989
2448,0.672017992
2449,0.377616733
2450,0.412637204
2451,0.05235282
2452,0.64148283
2453,0.711591125
2454,0.979929328
2455,0.135541841
2456,0.754940987
2457,0.308025807
2458,0.133036926
2459,0.924612463
2460,0.996173799
2461,0.562982082
2462,0.65842098
2463,0.929978073
2464,0.153275251
2465,0.868377924
2466,0.518415809
2467,0.137986958
2468,0.951151311
2469,0.224241257
2470,0.238435686
2471,0.692556798
2472,0.622163475
2473,0.942266881
2474,0.801784456
2475,0.257280558
2476,0.956403434
2477,0.949833512
2478,0.434084833
2479,0.031192951
2480,0.963900268
2481,0.277964622
2482,0.219396353
2483,0.46106866
2484,0.814519286
2485,0.854989529
2486,0.177619115
2487,0.972725809
2488,0.106294036
2489,0.312205702
2490,0.963163972
2491,0.626431465
2492,0.69750309
2493,0.589136302
2494,0.593756676
2495,0.006524267
2496,0.597382307
2497,0.005264978
2498,0.453508198
2499,0.446044445
2500,0.187688574
2501,0.110019647
2502,0.822633386
2503,0.054534722
2504,0.984750628
2505,0.049053866
2506,0.38404721
2507,0.045497384
2508,0.728556156
2509,0.814808011
2510,0.451269478
2511,0.208326906
2512,0.792255759
2513,0.672959805
2514,0.026575252
2515,0.866508186
2516,0.064315028
2517,0.280747682
2518,0.417684942
2519,0.026603028
2520,0.820586443
2521,0.911560893
2522,0.081808642
2523,0.802043259
2524,0.10897772
2525,0.814531982
2526,0.092006505
2527,0.016321123
2528,0.967992902
2529,0.41870293
2530,0.572745383
2531,0.453737974
2532,0.888816595
2533,0.791677475
2534,0.96990943
2535,0.812187672
2536,0.396723866
2537,0.717250943
2538,0.903227329
2539,0.605482519
2540,0.521548271
2541,0.68759048
2542,0.43932566
2543,0.941287756
2544,0.376472056
2545,0.047660809
2546,0.018760245
2547,0.455798715
2548,0.67710042
2549,0.977987885
2550,0.686495721
2551,0.548316181
2552,0.76394248
2553,0.701131821
2554,0.972260833
2555,0.308448166
2556,0.693624318
2557,0.450722992
2558,0.587576985
2559,0.103152163
2560,0.518513203
2561,0.137360618
2562,0.080911525
2563,0.182604522
2564,0.024232751
2565,0.73675251
2566,0.670806706
2567,0.2955257
2568,0.042054914
2569,0.398220986
2570,0.873531401
2571,0.675181389
2572,0.954638183
2573,0.408525705
2574,0.242291927
2575,0.651672661
2576,0.375582874
2577,0.525924027
2578,0.388893276
2579,0.860565007
2580,0.331810057
2581,0.803566813
2582,0.074320629
2583,0.323725164
2584,0.750498176
2585,0.580195248
2586,0.148504481
2587,0.445808351
2588,0.898649216
2589,0.31853953
2590,0.664540291
2591,0.627316236
2592,0.969199955
2593,0.202312127
2594,0.54125756
2595,0.856837928
2596,0.876333177
2597,0.142144099
2598,0.120231897
2599,0.057987615
2600,0.599392116
2601,0.750824571
2602,0.343462825
2603,0.300126821
2604,0.982877016
2605,0.603756309
2606,0.136906654
2607,0.143763795
2608,0.018041663
2609,0.857389331
2610,0.471662462
2611,0.738380909
2612,0.914825976
2613,0.104058333
2614,0.99035871
2615,0.087977774
2616,0.098985977
2617,0.339890778
2618,0.743626297
2619,0.616002202
2620,0.441319197
2621,0.114795499
2622,0.929995537
2623,0.604330242
2624,0.056274924
2625,0.450483084
2626,0.515094042
2627,0.428707987
2628,0.048169937
2629,0.606405973
2630,0.614810705
2631,0.947777629
2632,0.57069689
2633,0.630034149
2634,0.306809485
2635,0.804114044
2636,0.99149102
2637,0.025645308
2638,0.565912902
2639,0.03396843
2640,0.540113628
2641,0.853505552
2642,0.027105523
2643,0.030632935
2644,0.520321131
2645,0.513026536
2646,0.82602495
2647,0.580824852
2648,0.392444313
2649,0.680672884
2650,0.254808098
2651,0.982053339
2652,0.631838024
2653,0.859542906
2654,0.24445267
2655,0.612845898
2656,0.794571519
2657,0.881147027
2658,0.721203148
2659,0.671938181
2660,0.33339414
2661,0.935698271
2662,0.829068482
2663,0.047823396
2664,0.585433483
2665,0.543404043
2666,0.39592883
2667,0.214665607
2668,0.847017407
2669,0.102716841
2670,0.054750547
2671,0.893706799
2672,0.116219141
2673,0.130606517
2674,0.37354517
2675,0.254941821
2676,0.396380991
2677,0.367777348
2678,0.142631873
2679,0.23125881
2680,0.617649436
2681,0.252096653
2682,0.072210789
2683,0.324553072
2684,0.286061764
2685,0.228630245
2686,0.267615229
2687,0.232995808
2688,0.972383559
2689,0.01580132
2690,0.251816005
2691,0.957146049
2692,0.963415742
2693,0.365168184
2694,0.013138941
2695,0.297331601
2696,0.489499748
2697,0.053158235
2698,0.975774944
2699,0.970909357
2700,0.648126662
2701,0.594951808
2702,0.037824411
2703,0.852686286
2704,0.853717208
2705,0.570676982
2706,0.499370217
2707,0.176116586
2708,0.953089774
2709,0.067666419
2710,0.655185878
2711,0.387646586
2712,0.670909703
2713,0.932097852
2714,0.49217096
2715,0.277929068
2716,0.016674414
2717,0.177226484
2718,0.890395463
2719,0.605408192
2720,0.283211172
2721,0.880262613
2722,0.761443257
2723,0.50925976
2724,0.063115582
2725,0.185598746
2726,0.844124079
2727,0.932402194
2728,0.990710974
2729,0.040068924
2730,0.585986674
2731,0.679403663
2732,0.934689939
2733,0.518540323
2734,0.055409592
2735,0.16336073
2736,0.441895068
2737,0.932386875
2738,0.240640491
2739,0.067438908
2740,0.732926607
2741,0.783351064
2742,0.868868828
2743,0.565184653
2744,0.90499419
2745,0.432484478
2746,0.116134226
2747,0.875571132
2748,0.978035033
2749,0.065284863
2750,0.55698669
2751,0.93307358
2752,0.244096711
2753,0.084888317
2754,0.156319559
2755,0.133015409
2756,0.885353267
2757,0.777928114
2758,0.103754155
2759,0.989477396
2760,0.112926111
2761,0.070345461
2762,0.139064685
2763,0.901486278
2764,0.355854392
2765,0.20692879
2766,0.723526895
2767,0.666663885
2768,0.893383801
2769,0.925284624
2770,0.100590609
2771,0.397460192
2772,0.067493841
2773,0.854775786
2774,0.371474415
2775,0.774170816
2776,0.168715417
2777,0.841323376
2778,0.294535667
2779,0.088555023
2780,0.953969538
2781,0.541346252
2782,0.327465624
2783,0.44585225
2784,0.040283874
2785,0.791385412
2786,0.752264559
2787,0.05472555
2788,0.740321457
2789,0.914308906
2790,0.876110673
2791,0.03617201
2792,0.016548479
2793,0.437545776
2794,0.343467861
2795,0.681021571
2796,0.203814015
2797,0.319239825
2798,0.480165869
2799,0.886745334
2800,0.280140817
2801,0.854408085
2802,0.535188496
2803,0.093625508
2804,0.363859236
2805,0.813555658
2806,0.698191106
2807,0.56193918
2808,0.046049803
2809,0.665797055
2810,0.615579188
2811,0.005396098
2812,0.559621751
2813,0.864004672
2814,0.94535774
2815,0.504033625
2816,0.809883118
2817,0.56896615
2818,0.929583311
2819,0.620702744
2820,0.207701221
2821,0.443892181
2822,0.080463357
2823,0.986236632
2824,0.703270316
2825,0.8222754
2826,0.642548621
2827,0.316652358
2828,0.503761351
2829,0.045665175
2830,0.399584144
2831,0.402799875
2832,0.964110196
2833,0.284320414
2834,0.506325483
2835,0.372846931
2836,0.815559566
2837,0.934435368
2838,0.051636133
2839,0.150921643
2840,0.451030701
2841,0.680968106
2842,0.205521107
2843,0.535591483
2844,0.041446112
2845,0.542430222
2846,0.673148096
2847,0.774945319
2848,0.188795194
2849,0.957119405
2850,0.821617007
2851,0.966303647
2852,0.930791914
2853,0.237879023
2854,0.939619362
2855,0.278476924
2856,0.988788545
2857,0.42352429
2858,0.965674937
2859,0.014437388
2860,0.337406427
2861,0.250418037
2862,0.504381418
2863,0.279686749
2864,0.769700408
2865,0.893180668
2866,0.978119075
2867,0.808824599
2868,0.875096083
2869,0.075697511
2870,0.250238895
2871,0.958128989
2872,0.251986384
2873,0.361473739
2874,0.529774427
2875,0.735092282
2876,0.203220278
2877,0.427020222
2878,0.836241901
2879,0.832347393
2880,0.503612518
2881,0.57461828
2882,0.515587926
2883,0.092298992
2884,0.28897348
2885,0.102858208
2886,0.890290082
2887,0.219562262
2888,0.035203315
2889,0.300946712
2890,0.985454142
2891,0.727867365
2892,0.332756788
2893,0.439500839
2894,0.20827435
2895,0.516218901
2896,0.013166588
2897,0.904563189
2898,0.317026556
2899,0.476459622
2900,0.982401729
2901,0.010094536
2902,0.075614035
2903,0.737251401
2904,0.791638672
2905,0.209168285
2906,0.80117625
2907,0.839115441
2908,0.873060584
2909,0.993952513
2910,0.721172333
2911,0.29732281
2912,0.577013254
2913,0.046870898
2914,0.874587595
2915,0.134955719
2916,0.249994293
2917,0.90125072
2918,0.349395633
2919,0.628511131
2920,0.600205779
2921,0.39534694
2922,0.740196824
2923,0.675521016
2924,0.752609015
2925,0.560161471
2926,0.482464701
2927,0.718996823
2928,0.884756148
2929,0.20787856
2930,0.268301934
2931,0.447790176
2932,0.386715055
2933,0.960280955
2934,0.424733311
2935,0.658819377
2936,0.217949688
2937,0.487947375
2938,0.294493258
2939,0.187714964
2940,0.864560604
2941,0.451567829
2942,0.077124119
2943,0.66700542
2944,0.036834296
2945,0.913222253
2946,0.032508999
2947,0.457911819
2948,0.454474002
2949,0.852017224
2950,0.275964528
2951,0.948942184
2952,0.862541378
2953,0.149160311
2954,0.733647466
2955,0.698415458
2956,0.550660372
2957,0.882122695
2958,0.285041988
2959,0.822691739
2960,0.56658113
2961,0.322342128
2962,0.388375551
2963,0.640120566
2964,0.799669862
2965,0.935632467
2966,0.476926029
2967,0.420151532
2968,0.0564817
2969,0.179441884
2970,0.772859216
2971,0.252371639
2972,0.846102595
2973,0.592871726
2974,0.87891531
2975,0.011668074
2976,0.505047798
2977,0.85468936
2978,0.760642827
2979,0.923326075
2980,0.234016493
2981,0.751777828
2982,0.032950502
2983,0.038663331
2984,0.898884833
2985,0.714187086
2986,0.246423796
2987,0.577099621
2988,0.058765512
2989,0.586104274
2990,0.54327476
2991,0.404424995
2992,0.044203892
2993,0.484781981
2994,0.280710578
2995,0.64066118
2996,0.524415374
2997,0.897004783
2998,0.447324991
2999,0.603689849
3000,0.176093504
3001,0.176097244
3002,0.522324145
3003,0.442834377
3004,0.077607445
3005,0.7539289
3006,0.782364786
3007,0.165789202
3008,0.963172197
3009,0.857385039
3010,0.583733737
3011,0.77168566
3012,0.940910399
3013,0.252690017
3014,0.909329176
3015,0.14891021
3016,0.779274762
3017,0.354370832
3018,0.903084695
3019,0.284779876
3020,0.607147098
3021,0.802644253
3022,0.363544017
3023,0.975198984
3024,0.680848539
3025,0.168245867
3026,0.75549376
3027,0.455817878
3028,0.992165804
3029,0.90674299
3030,0.21235235
3031,0.894935429
3032,0.95501411
3033,0.92911154
3034,0.05035511
3035,0.792363524
3036,0.682644784
3037,0.376543999
3038,0.118841626
3039,0.441999048
3040,0.74266994
3041,0.295983344
3042,0.327051669
3043,0.956241488
3044,0.535774171
3045,0.467545897
3046,0.991417706
3047,0.476166695
3048,0.986840725
3049,0.763531744
3050,0.346376866
3051,0.061552484
3052,0.906684935
3053,0.898873389
3054,0.969405532
3055,0.373889714
3056,0.156117812
3057,0.62316227
3058,0.512465596
3059,0.94922483
3060,0.760239244
3061,0.933209419
3062,0.135761753
3063,0.071353324
3064,0.062632233
3065,0.901464462
3066,0.893610775
3067,0.7180565
3068,0.698419392
3069,0.172307059
3070,0.417478263
3071,0.19331944
3072,0.949545503
3073,0.264176399
3074,0.414919019
3075,0.039420336
3076,0.950409234
3077,0.068879977
3078,0.970119715
3079,0.967253029
3080,0.989731848
3081,0.474067211
3082,0.904984772
3083,0.228952616
3084,0.518898189
3085,0.942421436
3086,0.227521837
3087,0.979297578
3088,0.196796879
3089,0.246558383
3090,0.672217846
3091,0.14259319
3092,0.993973494
3093,0.556203842
3094,0.721343994
3095,0.226234421
3096,0.137494564
3097,0.61629653
3098,0.990508199
3099,0.692115784
3100,0.570728004
3101,0.593744278
3102,0.187232748
3103,0.383434385
3104,0.14228043
3105,0.973975539
3106,0.032983877
3107,0.01728797
3108,0.058258381
3109,0.049970128
3110,0.713261604
3111,0.950428009
3112,0.566767097
3113,0.490089297
3114,0.817636311
3115,0.527119458
3116,0.717875063
3117,0.114518493
3118,0.218365654
3119,0.85060674
3120,0.893075705
3121,0.312802523
3122,0.219200104
3123,0.531519294
3124,0.066252701
3125,0.022702178
3126,0.485573709
3127,0.951318383
3128,0.645413697
3129,0.882122219
3130,0.938272655
3131,0.372467369
3132,0.956525087
3133,0.953307092
3134,0.861072004
3135,0.468988717
3136,0.965868294
3137,0.879321754
3138,0.797716677
3139,0.183962867
3140,0.026342843
3141,0.64020437
3142,0.34986347
3143,0.94495976
3144,0.812897444
3145,0.172433212
3146,0.131494865
3147,0.977952719
3148,0.479426235
3149,0.152085513
3150,0.811626971
3151,0.114249229
3152,0.946891785
3153,0.182479471
3154,0.806058705
3155,0.168470874
3156,0.189241022
3157,0.958798409
3158,0.58990252
3159,0.062560305
3160,0.70638901
3161,0.545890927
3162,0.903509438
3163,0.48271662
3164,0.566422582
3165,0.681885123
3166,0.295102388
3167,0.908421993
3168,0.762013137
3169,0.221058294
3170,0.495916575
3171,0.842376113
3172,0.376154304
3173,0.026854362
3174,0.897805572
3175,0.490658283
3176,0.12170957
3177,0.949905097
3178,0.733629286
3179,0.85493052
3180,0.385862529
3181,0.642391682
3182,0.812580228
3183,0.122750156
3184,0.318815708
3185,0.051902581
3186,0.130311012
3187,0.695037842
3188,0.536408901
3189,0.190163925
3190,0.869459689
3191,0.02187665
3192,0.591923594
3193,0.804617822
3194,0.046414372
3195,0.260727465
3196,0.708113611
3197,0.443776846
3198,0.644221604
3199,0.330431491
3200,0.075079054
3201,0.891928136
3202,0.320908546
3203,0.148810759
3204,0.226824045
3205,0.38833499
3206,0.238462344
3207,0.931007206
3208,0.612944782
3209,0.924007416
3210,0.465850562
3211,0.762385726
3212,0.501013577
3213,0.604548931
3214,0.803530633
3215,0.177703366
3216,0.577018678
3217,0.184974313
3218,0.514647901
3219,0.080377199
3220,0.670736313
3221,0.303236306
3222,0.948469639
3223,0.592129171
3224,0.838397086
3225,0.186993808
3226,0.226427361
3227,0.544205785
3228,0.137048721
3229,0.486115128
3230,0.550642133
3231,0.066966601
3232,0.266472936
3233,0.287059665
3234,0.193639487
3235,0.597652316
3236,0.009345661
3237,0.426067621
3238,0.214103967
3239,0.005435606
3240,0.244702816
3241,0.33904165
3242,0.660612643
3243,0.322945029
3244,0.729299188
3245,0.836271167
3246,0.226824254
3247,0.944919288
3248,0.699208558
3249,0.549968004
3250,0.965982616
3251,0.931200504
3252,0.00378287
3253,0.337117791
3254,0.972430468
3255,0.541886389
3256,0.903642595
3257,0.046839688
3258,0.36810866
3259,0.274881542
3260,0.861549437
3261,0.56062752
3262,0.50821656
3263,0.476873934
3264,0.218528003
3265,0.396521479
3266,0.010672956
3267,0.534305573
3268,0.894207776
3269,0.447483897
3270,0.096433498
3271,0.536021888
3272,0.074496083
3273,0.360486239
3274,0.575678229
3275,0.836342454
3276,0.118131213
3277,0.621478736
3278,0.812796533
3279,0.268778443
3280,0.97894001
3281,0.966527283
3282,0.872657001
3283,0.839231431
3284,0.694175363
3285,0.898973703
3286,0.197493449
3287,0.037534636
3288,0.541827142
3289,0.467185885
3290,0.33992818
3291,0.983289778
3292,0.332597345
3293,0.950000703
3294,0.603424251
3295,0.574795544
3296,0.22254239
3297,0.98262465
3298,0.467442095
3299,0.221520469
3300,0.160747901
3301,0.217378139
3302,0.189902142
3303,0.215267837
3304,0.118951291
3305,0.039559647
3306,0.017452836
3307,0.13686195
3308,0.712359846
3309,0.793868423
3310,0.523179054
3311,0.182945997
3312,0.61913842
3313,0.955191791
3314,0.220768511
3315,0.811846793
3316,0.718348742
3317,0.259186983
3318,0.965422928
3319,0.745678127
3320,0.355994493
3321,0.174104854
3322,0.365113527
3323,0.418615103
3324,0.097810447
3325,0.958329082
3326,0.949883223
3327,0.716923833
3328,0.503023207
3329,0.205904588
3330,0.324555635
3331,0.605312049
3332,0.029135499
3333,0.690003455
3334,0.622873962
3335,0.293300599
3336,0.864388764
3337,0.081265248
3338,0.172439471
3339,0.90486753
3340,0.357084513
3341,0.045916345
3342,0.721659601
3343,0.245070934
3344,0.933813632
3345,0.276080936
3346,0.186624661
3347,0.06868156
3348,0.293068647
3349,0.753676414
3350,0.868160903
3351,0.335483879
3352,0.967896879
3353,0.722002506
3354,0.091492303
3355,0.047872689
3356,0.906753302
3357,0.961660624
3358,0.481110275
3359,0.560711265
3360,0.70098412
3361,0.04133559
3362,0.471327871
3363,0.916718304
3364,0.261597991
3365,0.086076736
3366,0.741286874
3367,0.294011116
3368,0.136698842
3369,0.268233627
3370,0.51559037
3371,0.960591137
3372,0.176366135
3373,0.983560383
3374,0.033041004
3375,0.983017623
3376,0.199378923
3377,0.514258027
3378,0.697778463
3379,0.634391129
3380,0.170682296
3381,0.764650464
3382,0.013141729
3383,0.336620301
3384,0.68332094
3385,0.588828087
3386,0.097104102
3387,0.660184681
3388,0.2797544
3389,0.712295532
3390,0.805403113
3391,0.459382206
3392,0.277044266
3393,0.972745121
3394,0.589261174
3395,0.283876032
3396,0.988375664
3397,0.702942014
3398,0.091157191
3399,0.854201615
3400,0.280376405
3401,0.67438823
3402,0.341745079
3403,0.071345918
3404,0.451966733
3405,0.936172366
3406,0.274596959
3407,0.493068486
3408,0.473575264
3409,0.598035812
3410,0.792529762
3411,0.992065787
3412,0.457518578
3413,0.745769501
3414,0.868792593
3415,0.875258446
3416,0.816058218
3417,0.750102282
3418,0.721535087
3419,0.353803843
3420,0.190302655
3421,0.458019972
3422,0.629465818
3423,0.407564133
3424,0.968477011
3425,0.048352227
3426,0.550918698
3427,0.338357896
3428,0.982488692
3429,0.534724534
3430,0.287667245
3431,0.990425885
3432,0.676027179
3433,0.858358502
3434,0.267663836
3435,0.465736926
3436,0.090101339
3437,0.810290158
3438,0.090934984
3439,0.727817774
3440,0.199891001
3441,0.92573148
3442,0.010484872
3443,0.068947256
3444,0.158297181
3445,0.77086097
3446,0.726942778
3447,0.634918869
3448,0.075125895
3449,0.211149439
3450,0.494946271
3451,0.790329099
3452,0.865882158
3453,0.080889352
3454,0.060988486
3455,0.211240336
3456,0.286437452
3457,0.694108427
3458,0.984236598
3459,0.647332549
3460,0.528711617
3461,0.811343133
3462,0.384316742
3463,0.04804666
3464,0.793839335
3465,0.077989779
3466,0.521983564
3467,0.80210954
3468,0.019701596
3469,0.563865364
3470,0.055803414
3471,0.177310929
3472,0.873674035
3473,0.179561883
3474,0.476219356
3475,0.829511106
3476,0.89217639
3477,0.338511616
3478,0.121256113
3479,0.577048779
3480,0.0141469
3481,0.45141229
3482,0.041031446
3483,0.816768944
3484,0.62226671
3485,0.100575425
3486,0.872412443
3487,0.100525282
3488,0.37757951
3489,0.081891581
3490,0.648536146
3491,0.660606623
3492,0.917934
3493,0.591286659
3494,0.678548276
3495,0.037659869
3496,0.304252356
3497,0.238316983
3498,0.858911633
3499,0.046856482
3500,0.287541181
3501,0.029927716
3502,0.056496009
3503,0.061822653
3504,0.48394224
3505,0.844336152
3506,0.859215558
3507,0.266414076
3508,0.455316126
3509,0.928554654
3510,0.82781285
3511,0.645345569
3512,0.879338145
3513,0.120933004
3514,0.01887073
3515,0.668780208
3516,0.754682839
3517,0.634582102
3518,0.316970825
3519,0.129876047
3520,0.687621474
3521,0.249286816
3522,0.590450525
3523,0.258438587
3524,0.731027961
3525,0.10109853
3526,0.108754173
3527,0.306551605
3528,0.500328004
3529,0.637110174
3530,0.596635461
3531,0.585674465
3532,0.904996037
3533,0.06199142
3534,0.828513622
3535,0.786490738
3536,0.959840715
3537,0.917389333
3538,0.244260013
3539,0.940361977
3540,0.15230006
3541,0.985723019
3542,0.181558043
3543,0.281475604
3544,0.691479862
3545,0.984335065
3546,0.26030001
3547,0.617905915
3548,0.513343155
3549,0.769424319
3550,0.263003141
3551,0.006181472
3552,0.531791449
3553,0.626782298
3554,0.117618881
3555,0.211004615
3556,0.966525614
3557,0.815347135
3558,0.542436481
3559,0.540088236
3560,0.591744483
3561,0.513283253
3562,0.11707788
3563,0.66886127
3564,0.234876066
3565,0.08103478
3566,0.677001178
3567,0.700412929
3568,0.91523385
3569,0.967199922
3570,0.020235566
3571,0.895489395
3572,0.920302629
3573,0.730466545
3574,0.96691817
3575,0.617175579
3576,0.152676985
3577,0.132600904
3578,0.375104874
3579,0.274608731
3580,0.564750552
3581,0.066823065
3582,0.705304027
3583,0.979697466
3584,0.923211217
3585,0.794895113
3586,0.080288112
3587,0.444264829
3588,0.519574165
3589,0.191890031
3590,0.575428903
3591,0.979098737
3592,0.147869766
3593,0.287580609
3594,0.290154785
3595,0.549039543
3596,0.521005094
3597,0.29198128
3598,0.758038521
3599,0.265876532
3600,0.264063299
3601,0.471259683
3602,0.330758274
3603,0.866484642
3604,0.332062572
3605,0.709774017
3606,0.336469352
3607,0.902501643
3608,0.199051917
3609,0.095450521
3610,0.805966198
3611,0.263097584
3612,0.022646107
3613,0.3936221
3614,0.810423553
3615,0.542810619
3616,0.56968987
3617,0.479580373
3618,0.824483395
3619,0.885664403
3620,0.010393138
3621,0.419527888
3622,0.046410125
3623,0.437253326
3624,0.99294287
3625,0.555855155
3626,0.795758963
3627,0.421640605
3628,0.005135103
3629,0.894328415
3630,0.308593631
3631,0.76229322
3632,0.220466524
3633,0.248286828
3634,0.958782375
3635,0.86335659
3636,0.581696451
3637,0.784347117
3638,0.828794479
3639,0.119970903
3640,0.866926134
3641,0.524878263
3642,0.98494035
3643,0.311230987
3644,0.913926542
3645,0.508078575
3646,0.188404009
3647,0.596473873
3648,0.892902136
3649,0.672392726
3650,0.434590608
3651,0.108449124
3652,0.912326038
3653,0.276051939
3654,0.115018308
3655,0.744705975
3656,0.474042445
3657,0.925140321
3658,0.770591557
3659,0.153535545
3660,0.813585639
3661,0.678992212
3662,0.200422719
3663,0.32599476
3664,0.938400447
3665,0.736814678
3666,0.459203273
3667,0.548158586
3668,0.101048954
3669,0.033828326
3670,0.144442275
3671,0.799306512
3672,0.71970135
3673,0.229437813
3674,0.047254596
3675,0.958124399
3676,0.62472558
3677,0.028726358
3678,0.977938116
3679,0.279309273
3680,0.863442779
3681,0.450861692
3682,0.122662395
3683,0.719540536
3684,0.429140329
3685,0.789456546
3686,0.471551865
3687,0.731647313
3688,0.66118598
3689,0.682033002
3690,0.508156955
3691,0.011079421
3692,0.772419989
3693,0.192069575
3694,0.874722123
3695,0.725129545
3696,0.173555404
3697,0.111897074
3698,0.651352465
3699,0.987576067
3700,0.652809858
3701,0.966975987
3702,0.327752769
3703,0.780741334
3704,0.199845076
3705,0.937646687
3706,0.496773005
3707,0.397370696
3708,0.970788777
3709,0.647245646
3710,0.052994572
3711,0.523764193
3712,0.364748806
3713,0.731840312
3714,0.346771121
3715,0.901635647
3716,0.745090485
3717,0.015860118
3718,0.747573197
3719,0.601662159
3720,0.860626161
3721,0.28241843
3722,0.631885767
3723,0.808021188
3724,0.315959901
3725,0.119094484
3726,0.045927104
3727,0.049417187
3728,0.10492298
3729,0.987878203
3730,0.931758463
3731,0.835933924
3732,0.036577772
3733,0.412357718
3734,0.879267395
3735,0.54939574
3736,0.462580651
3737,0.064648554
3738,0.457075894
3739,0.538209736
3740,0.283923328
3741,0.382399201
3742,0.071096167
3743,0.087605104
3744,0.69463259
3745,0.878861248
3746,0.330486596
3747,0.834237754
3748,0.088227928
3749,0.570710242
3750,0.745139062
3751,0.010541242
3752,0.045266367
3753,0.426363111
3754,0.790124953
3755,0.110520907
3756,0.341593385
3757,0.2314381
3758,0.957750857
3759,0.002978244
3760,0.511698008
3761,0.067180723
3762,0.464966744
3763,0.323099881
3764,0.859133899
3765,0.4757002
3766,0.738497615
3767,0.698832512
3768,0.812155545
3769,0.07510899
3770,0.774792016
3771,0.04990362
3772,0.290154934
3773,0.360935718
3774,0.029659079
3775,0.539114892
3776,0.971197009
3777,0.300699711
3778,0.569187045
3779,0.24776794
3780,0.500500679
3781,0.649578452
3782,0.410396338
3783,0.508931458
3784,0.784393609
3785,0.050572209
3786,0.195953771
3787,0.64534843
3788,0.850440145
3789,0.591610372
3790,0.488528073
3791,0.287811786
3792,0.724714518
3793,0.053783637
3794,0.100185931
3795,0.980658233
3796,0.043286793
3797,0.91603452
3798,0.438866317
3799,0.389011562
3800,0.834071219
3801,0.89186579
3802,0.457240164
3803,0.085773796
3804,0.515084565
3805,0.957078934
3806,0.779613197
3807,0.913152874
3808,0.257472605
3809,0.178091511
3810,0.742463887
3811,0.458285093
3812,0.517607033
3813,0.672804415
3814,0.166974619
3815,0.903160214
3816,0.919964552
3817,0.969030023
3818,0.617883384
3819,0.188453645
3820,0.975930214
3821,0.212779358
3822,0.311597943
3823,0.599979818
3824,0.300266147
3825,0.265042007
3826,0.972005129
3827,0.950636566
3828,0.165254518
3829,0.869051337
3830,0.19002679
3831,0.689110816
3832,0.99082166
3833,0.614536285
3834,0.183538303
3835,0.33862713
3836,0.825389862
3837,0.099039406
3838,0.854446352
3839,0.02381427
3840,0.149428442
3841,0.12990658
3842,0.758987308
3843,0.56510359
3844,0.032415319
3845,0.306382179
3846,0.449643672
3847,0.657070279
3848,0.704775572
3849,0.659882724
3850,0.826668799
3851,0.381527483
3852,0.902744889
3853,0.491376817
3854,0.402913839
3855,0.738620102
3856,0.490812927
3857,0.95446384
3858,0.027769739
3859,0.653381765
3860,0.690757155
3861,0.373564899
3862,0.985280752
3863,0.546932518
3864,0.992860615
3865,0.410782874
3866,0.913346231
3867,0.747867525
3868,0.887908101
3869,0.643931627
3870,0.853554249
3871,0.216993049
3872,0.970210195
3873,0.831590652
3874,0.67159164
3875,0.957037091
3876,0.92581296
3877,0.859835088
3878,0.611128688
3879,0.024399744
3880,0.52635783
3881,0.726913393
3882,0.920271575
3883,0.256272942
3884,0.604687154
3885,0.952474654
3886,0.507379293
3887,0.991419852
3888,0.859262347
3889,0.664440751
3890,0.039133076
3891,0.735362709
3892,0.437986672
3893,0.813624144
3894,0.135854274
3895,0.8265149
3896,0.548743308
3897,0.847922206
3898,0.803149045
3899,0.259246498
3900,0.96407038
3901,0.792652667
3902,0.43898803
3903,0.583405852
3904,0.970163167
3905,0.327989668
3906,0.941003561
3907,0.555860937
3908,0.502318203
3909,0.933858275
3910,0.121065743
3911,0.91789186
3912,0.12164519
3913,0.398204714
3914,0.246548384
3915,0.902988195
3916,0.658521295
3917,0.880459726
3918,0.164257616
3919,0.21654126
3920,0.296557784
3921,0.341912836
3922,0.137697414
3923,0.944435954
3924,0.856203139
3925,0.548897803
3926,0.950633407
3927,0.503294408
3928,0.849370778
3929,0.176907435
3930,0.045859344
3931,0.072825558
3932,0.055106908
3933,0.524726868
3934,0.119120441
3935,0.06585943
3936,0.084976673
3937,0.227678105
3938,0.951748669
3939,0.469632804
3940,0.18395865
3941,0.123739332
3942,0.631221533
3943,0.205988839
3944,0.519396603
3945,0.126495004
3946,0.123968497
3947,0.385205537
3948,0.4125292
3949,0.486784577
3950,0.967333794
3951,0.678758383
3952,0.938294709
3953,0.189332932
3954,0.512024581
3955,0.546730101
3956,0.407733172
3957,0.939967752
3958,0.140966296
3959,0.048983883
3960,0.790032983
3961,0.851110756
3962,0.461115718
3963,0.669774473
3964,0.833719969
3965,0.652509987
3966,0.253408879
3967,0.88342607
3968,0.273780853
3969,0.734437406
3970,0.093735442
3971,0.036068004
3972,0.409283638
3973,0.032769289
3974,0.751574874
3975,0.917063773
3976,0.754866004
3977,0.015198118
3978,0.954642177
3979,0.518366158
3980,0.683647394
3981,0.020819677
3982,0.935218334
3983,0.659234524
3984,0.050772294
3985,0.235083804
3986,0.490614146
3987,0.879470348
3988,0.509682
3989,0.038932815
3990,0.960061073
3991,0.025922397
3992,0.401141077
3993,0.362990618
3994,0.65476191
3995,0.602476776
3996,0.497477561
3997,0.873423219
3998,0.896762192
3999,0.257710606
4000,0.051805738
4001,0.089870118
4002,0.397554755
4003,0.591583848
4004,0.103694566
4005,0.164659113
4006,0.479858607
4007,0.185612351
4008,0.363203079
4009,0.382015556
4010,0.947606742
4011,0.284405142
4012,0.131049484
4013,0.567239344
4014,0.124681413
4015,0.10134615
4016,0.397647887
4017,0.494593799
4018,0.275276303
4019,0.045704644
4020,0.45558548
4021,0.882688522
4022,0.903799236
4023,0.379873812
4024,0.510686755
4025,0.323253274
4026,0.507347882
4027,0.605680168
4028,0.896597028
4029,0.649798751
4030,0.518457711
4031,0.935516
4032,0.079576418
4033,0.743658721
4034,0.016666064
4035,0.262041181
4036,0.793234885
4037,0.552519619
4038,0.932613373
4039,0.511068046
4040,0.572817802
4041,0.032605082
4042,0.004742303
4043,0.706822217
4044,0.447798997
4045,0.707978368
4046,0.356910795
4047,0.970538139
4048,0.016466269
4049,0.585571885
4050,0.483222783
4051,0.643967807
4052,0.85658133
4053,0.227301329
4054,0.159244984
4055,0.986357093
4056,0.699331164
4057,0.986843467
4058,0.421700925
4059,0.637986302
4060,0.347354531
4061,0.989200592
4062,0.376931667
4063,0.811116219
4064,0.438219607
4065,0.185713068
4066,0.135575145
4067,0.636512995
4068,0.101942442
4069,0.335139632
4070,0.848590493
4071,0.043951683
4072,0.821147859
4073,0.175993234
4074,0.937396765
4075,0.815983236
4076,0.712595284
4077,0.083423309
4078,0.623438001
4079,0.92578131
4080,0.384125501
4081,0.75132525
4082,0.21108982
4083,0.371847272
4084,0.573069215
4085,0.072979674
4086,0.946343064
4087,0.695460975
4088,0.423125684
4089,0.717578411
4090,0.988100231
4091,0.390664786
4092,0.49324286
4093,0.537195206
4094,0.849283338
4095,0.573159635
4096,0.991660714
4097,0.490012139
4098,0.528326035
4099,0.591299236
4100,0.994733691
4101,0.291530639
4102,0.741313338
4103,0.648422718
4104,0.851163089
4105,0.351037264
4106,0.738672256
4107,0.243848935
4108,0.667275429
4109,0.408592254
4110,0.821060181
4111,0.986903787
4112,0.830205381
4113,0.993471444
4114,0.77416575
4115,0.830724776
4116,0.410723269
4117,0.445049882
4118,0.371514678
4119,0.818410575
4120,0.076665029
4121,0.097881898
4122,0.061717313
4123,0.421504706
4124,0.97816962
4125,0.664386928
4126,0.486515015
4127,0.720054686
4128,0.861626863
4129,0.209605783
4130,0.894980371
4131,0.978689075
4132,0.749835372
4133,0.886356652
4134,0.193100914
4135,0.542962611
4136,0.046901245
4137,0.025228197
4138,0.314115226
4139,0.1136612
4140,0.542289376
4141,0.837850213
4142,0.042904869
4143,0.096928626
4144,0.650170743
4145,0.227484316
4146,0.797870278
4147,0.84005022
4148,0.973755717
4149,0.048593838
4150,0.950738192
4151,0.589738667
4152,0.019685632
4153,0.568354607
4154,0.12210416
4155,0.911747515
4156,0.150256455
4157,0.715102196
4158,0.857665539
4159,0.74085021
4160,0.560441852
4161,0.086584441
4162,0.082603455
4163,0.39240247
4164,0.129262835
4165,0.935659409
4166,0.568622053
4167,0.641804516
4168,0.025630668
4169,0.023191571
4170,0.563770711
4171,0.391829669
4172,0.5857687
4173,0.421184868
4174,0.239145488
4175,0.215647846
4176,0.048693735
4177,0.222559795
4178,0.940092504
4179,0.258181095
4180,0.029702889
4181,0.99370718
4182,0.978481889
4183,0.520186245
4184,0.231471807
4185,0.962162673
4186,0.892068863
4187,0.739606082
4188,0.65952009
4189,0.353611052
4190,0.450178057
4191,0.193659037
4192,0.02702561
4193,0.90889883
4194,0.101388983
4195,0.53806293
4196,0.964548886
4197,0.721414149
4198,0.714208603
4199,0.844951332
4200,0.364991397
4201,0.134198368
4202,0.130708218
4203,0.578569174
4204,0.357464701
4205,0.329098165
4206,0.579814017
4207,0.605950952
4208,0.60179615
4209,0.664790928
4210,0.438800782
4211,0.630833566
4212,0.715846181
4213,0.286304057
4214,0.832948327
4215,0.400526434
4216,0.516384244
4217,0.886412024
4218,0.040813319
4219,0.898370743
4220,0.972015202
4221,0.161586776
4222,0.979635596
4223,0.763269126
4224,0.699504793
4225,0.43657133
4226,0.046475187
4227,0.323045403
4228,0.373853713
4229,0.018529749
4230,0.453232825
4231,0.706713319
4232,0.30212611
4233,0.214450747
4234,0.664437532
4235,0.688576937
4236,0.661754072
4237,0.721011639
4238,0.424912512
4239,0.222016767
4240,0.04750989
4241,0.630465627
4242,0.057167985
4243,0.971660852
4244,0.031903695
4245,0.428841501
4246,0.952759981
4247,0.547341645
4248,0.937446535
4249,0.718932211
4250,0.182670623
4251,0.697820663
4252,0.954711258
4253,0.897821486
4254,0.726668954
4255,0.064334668
4256,0.029061446
4257,0.823441029
4258,0.845836043
4259,0.661803961
4260,0.823356509
4261,0.572523534
4262,0.4682585
4263,0.604313731
4264,0.529213369
4265,0.859731615
4266,0.333389312
4267,0.981330216
4268,0.540241599
4269,0.788514197
4270,0.069503568
4271,0.960686266
4272,0.4814125
4273,0.400357097
4274,0.505217493
4275,0.643171251
4276,0.32499966
4277,0.842067719
4278,0.35320425
4279,0.26707536
4280,0.532320321
4281,0.191921502
4282,0.57889688
4283,0.179419935
4284,0.84279108
4285,0.854558468
4286,0.950436175
4287,0.975636005
4288,0.947551548
4289,0.691444933
4290,0.984421432
4291,0.187335908
4292,0.348422974
4293,0.336896688
4294,0.797338724
4295,0.83097285
4296,0.200455621
4297,0.807139635
4298,0.89097333
4299,0.879231215
4300,0.81453234
4301,0.986919343
4302,0.983081579
4303,0.989930689
4304,0.34317264
4305,0.609157443
4306,0.772514164
4307,0.931003034
4308,0.314536601
4309,0.055336572
4310,0.151668325
4311,0.324394524
4312,0.837358117
4313,0.056486502
4314,0.0233959
4315,0.682726741
4316,0.944218993
4317,0.386447251
4318,0.800917685
4319,0.233270064
4320,0.276884288
4321,0.065735981
4322,0.12673372
4323,0.514536142
4324,0.315262347
4325,0.849124312
4326,0.902411878
4327,0.681863189
4328,0.466420949
4329,0.331452549
4330,0.178306818
4331,0.231582209
4332,0.943309486
4333,0.942948818
4334,0.602700055
4335,0.973993123
4336,0.207519189
4337,0.559387982
4338,0.95951438
4339,0.603015244
4340,0.118286788
4341,0.839095533
4342,0.417098582
4343,0.310543627
4344,0.715793729
4345,0.459228098
4346,0.271914035
4347,0.067976676
4348,0.35029605
4349,0.413109988
4350,0.871984124
4351,0.950487018
4352,0.506509066
4353,0.701272845
4354,0.377072334
4355,0.3978782
4356,0.235709369
4357,0.167825282
4358,0.683410406
4359,0.985190988
4360,0.040147778
4361,0.353476584
4362,0.213137329
4363,0.178047419
4364,0.909959853
4365,0.788875043
4366,0.922473907
4367,0.355043918
4368,0.266329736
4369,0.041603066
4370,0.124543481
4371,0.584803104
4372,0.176750287
4373,0.648743451
4374,0.9961254
4375,0.838256776
4376,0.589939594
4377,0.732771933
4378,0.584581316
4379,0.985908449
4380,0.041275166
4381,0.915442824
4382,0.363839209
4383,0.132734761
4384,0.454693109
4385,0.242243186
4386,0.274419248
4387,0.723282993
4388,0.891550004
4389,0.979006767
4390,0.208291218
4391,0.38143006
4392,0.075349614
4393,0.382105738
4394,0.109387785
4395,0.781903982
4396,0.769999564
4397,0.980435491
4398,0.713134706
4399,0.897020578
4400,0.955496848
4401,0.924360037
4402,0.132322267
4403,0.502111614
4404,0.595967293
4405,0.769851506
4406,0.575980902
4407,0.068382032
4408,0.439564943
4409,0.50088042
4410,0.732259154
4411,0.087835088
4412,0.353080958
4413,0.447262526
4414,0.951964796
4415,0.063599765
4416,0.929463565
4417,0.693131447
4418,0.991935194
4419,0.586026669
4420,0.758764207
4421,0.954167485
4422,0.394596308
4423,0.34801057
4424,0.261288017
4425,0.886825681
4426,0.541592121
4427,0.980276942
4428,0.897086024
4429,0.084871687
4430,0.169543251
4431,0.764198422
4432,0.273040205
4433,0.375816345
4434,0.965869367
4435,0.531303167
4436,0.081995934
4437,0.855932653
4438,0.644241035
4439,0.529879928
4440,0.993291259
4441,0.957980275
4442,0.390913874
4443,0.629658222
4444,0.260738969
4445,0.953915715
4446,0.586892307
4447,0.277158499
4448,0.340895444
4449,0.042885516
4450,0.630970895
4451,0.152766496
4452,0.804371297
4453,0.231030256
4454,0.966552734
4455,0.797084033
4456,0.136323065
4457,0.861534357
4458,0.690544963
4459,0.0392197
4460,0.431813687
4461,0.948760211
4462,0.885504544
4463,0.019102495
4464,0.582909524
4465,0.969742656
4466,0.018652059
4467,0.546415865
4468,0.161803588
4469,0.396552265
4470,0.9267295
4471,0.185113564
4472,0.61865896
4473,0.857866883
4474,0.075005576
4475,0.541495979
4476,0.533726811
4477,0.39894256
4478,0.289137632
4479,0.9167099
4480,0.06152077
4481,0.973097146
4482,0.138114944
4483,0.752081096
4484,0.349950612
4485,0.81992352
4486,0.134514794
4487,0.863581359
4488,0.614647686
4489,0.04064494
4490,0.183475927
4491,0.970424831
4492,0.939436913
4493,0.87855047
4494,0.545189619
4495,0.460586518
4496,0.21383445
4497,0.075348228
4498,0.113920167
4499,0.562823534
4500,0.944030464
4501,0.953949451
4502,0.871881068
4503,0.572976351
4504,0.180838034
4505,0.158879191
4506,0.994449019
4507,0.370808572
4508,0.437535554
4509,0.8078444
4510,0.822297096
4511,0.923844397
4512,0.049727943
4513,0.337760329
4514,0.713259339
4515,0.086246148
4516,0.765130758
4517,0.279830277
4518,0.629573405
4519,0.25536263
4520,0.196399763
4521,0.273005486
4522,0.974026203
4523,0.388997108
4524,0.832006991
4525,0.404186666
4526,0.102504283
4527,0.587208569
4528,0.315615803
4529,0.728412867
4530,0.593130171
4531,0.519196212
4532,0.264796108
4533,0.504658163
4534,0.44041574
4535,0.141975522
4536,0.590608776
4537,0.579227865
4538,0.785290837
4539,0.994381189
4540,0.043434557
4541,0.872273207
4542,0.850667357
4543,0.147176489
4544,0.76170522
4545,0.721185505
4546,0.105191037
4547,0.008412025
4548,0.224928021
4549,0.238652185
4550,0.222850457
4551,0.828227103
4552,0.34036687
4553,0.060956374
4554,0.106618978
4555,0.538683593
4556,0.975508392
4557,0.271977365
4558,0.758007526
4559,0.341509998
4560,0.109416902
4561,0.870042324
4562,0.819264948
4563,0.029996268
4564,0.035939761
4565,0.923513412
4566,0.9850263
4567,0.584414661
4568,0.312836975
4569,0.21405299
4570,0.654262662
4571,0.430690795
4572,0.733251393
4573,0.121342756
4574,0.83669436
4575,0.037910409
4576,0.900059998
4577,0.410688877
4578,0.156411126
4579,0.11388965
4580,0.070440099
4581,0.038790934
4582,0.953766704
4583,0.296652466
4584,0.205331236
4585,0.891362667
4586,0.677815616
4587,0.753326237
4588,0.230669916
4589,0.474801451
4590,0.223548695
4591,0.17951794
4592,0.936974883
4593,0.173511788
4594,0.972473502
4595,0.947145939
4596,0.245161518
4597,0.896401763
4598,0.618068278
4599,0.591454685
4600,0.08248131
4601,0.463195264
4602,0.827425718
4603,0.059974786
4604,0.067726292
4605,0.727776051
4606,0.72864604
4607,0.477273405
4608,0.561249793
4609,0.200521529
4610,0.229395315
4611,0.225870997
4612,0.159549654
4613,0.805458069
4614,0.400076896
4615,0.329567075
4616,0.097128257
4617,0.391793013
4618,0.376964897
4619,0.834184825
4620,0.776052356
4621,0.099334329
4622,0.610006094
4623,0.928647041
4624,0.053810459
4625,0.403242558
4626,0.312222153
4627,0.96352452
4628,0.93775171
4629,0.821247101
4630,0.395911485
4631,0.775904834
4632,0.945016205
4633,0.101366602
4634,0.475755632
4635,0.287592709
4636,0.984071553
4637,0.300565332
4638,0.121536441
4639,0.344902128
4640,0.077132903
4641,0.859778583
4642,0.863034606
4643,0.050726343
4644,0.091123231
4645,0.558343351
4646,0.698453009
4647,0.994095564
4648,0.528488696
4649,0.436714351
4650,0.98419112
4651,0.963521481
4652,0.919026613
4653,0.256192237
4654,0.039390761
4655,0.514109552
4656,0.256317079
4657,0.31835866
4658,0.956918478
4659,0.113217659
4660,0.937633216
4661,0.202746436
4662,0.373734742
4663,0.397671282
4664,0.654166877
4665,0.14728047
4666,0.975361824
4667,0.976766586
4668,0.257592022
4669,0.07047902
4670,0.064627908
4671,0.535031259
4672,0.193244025
4673,0.979224801
4674,0.302317381
4675,0.369414479
4676,0.038309615
4677,0.824715853
4678,0.519506872
4679,0.406049937
4680,0.779379368
4681,0.93090421
4682,0.784934342
4683,0.291405767
4684,0.470296979
4685,0.777353466
4686,0.171234429
4687,0.94649148
4688,0.979147553
4689,0.891221821
4690,0.369288206
4691,0.12542741
4692,0.941773236
4693,0.197496966
4694,0.305522054
4695,0.227785796
4696,0.599737108
4697,0.326693922
4698,0.195038095
4699,0.778196514
4700,0.06562648
4701,0.071067281
4702,0.83825314
4703,0.719223619
4704,0.948429406
4705,0.572949886
4706,0.244402662
4707,0.532363713
4708,0.242740154
4709,0.68850559
4710,0.750828087
4711,0.975621939
4712,0.767196059
4713,0.556936502
4714,0.699329197
4715,0.059619255
4716,0.16808404
4717,0.110455893
4718,0.770645857
4719,0.803240359
4720,0.816438556
4721,0.038786095
4722,0.802238584
4723,0.049144931
4724,0.025806388
4725,0.90988332
4726,0.406311184
4727,0.159195185
4728,0.631386638
4729,0.199469119
4730,0.80156666
4731,0.288835317
4732,0.688812912
4733,0.724268436
4734,0.814653695
4735,0.753496468
4736,0.557095349
4737,0.253021806
4738,0.185929403
4739,0.727680922
4740,0.079970449
4741,0.213548198
4742,0.58862704
4743,0.219790339
4744,0.946472406
4745,0.028953353
4746,0.468709797
4747,0.931952178
4748,0.236091718
4749,0.847669661
4750,0.132695034
4751,0.644858599
4752,0.887015581
4753,0.591319561
4754,0.073842093
4755,0.931372881
4756,0.990592301
4757,0.910961866
4758,0.619413257
4759,0.889409125
4760,0.541690707
4761,0.350076884
4762,0.132975012
4763,0.164777398
4764,0.292673677
4765,0.775909066
4766,0.207206979
4767,0.981429398
4768,0.386279494
4769,0.644371092
4770,0.785822332
4771,0.157061666
4772,0.984671414
4773,0.049048465
4774,0.1099976
4775,0.556242824
4776,0.953443706
4777,0.653626204
4778,0.955938041
4779,0.23619321
4780,0.523109019
4781,0.149428964
4782,0.125326842
4783,0.322337002
4784,0.496863663
4785,0.610193074
4786,0.891898513
4787,0.690095365
4788,0.038733602
4789,0.101369537
4790,0.88193953
4791,0.111772299
4792,0.959252119
4793,0.620032489
4794,0.737281322
4795,0.047306705
4796,0.777700603
4797,0.492271215
4798,0.552760184
4799,0.059554201
4800,0.912387848
4801,0.741991699
4802,0.256793946
4803,0.944635928
4804,0.728497267
4805,0.86643523
4806,0.152981073
4807,0.264426708
4808,0.710191548
4809,0.277987152
4810,0.773557603
4811,0.352076769
4812,0.309382826
4813,0.091745451
4814,0.461251915
4815,0.35749346
4816,0.061235562
4817,0.579081893
4818,0.02078826
4819,0.052629877
4820,0.441258639
4821,0.242324993
4822,0.917796791
4823,0.153379112
4824,0.793016911
4825,0.073011458
4826,0.521213472
4827,0.629402101
4828,0.254824549
4829,0.860948265
4830,0.02652791
4831,0.79154104
4832,0.392190397
4833,0.533168197
4834,0.590420663
4835,0.232480213
4836,0.23757264
4837,0.951671481
4838,0.070992649
4839,0.584075153
4840,0.155212402
4841,0.507250965
4842,0.780480742
4843,0.245319024
4844,0.547793984
4845,0.748625398
4846,0.080876
4847,0.444689244
4848,0.3505615
4849,0.539514661
4850,0.130971327
4851,0.245436952
4852,0.944455504
4853,0.515099168
4854,0.265053391
4855,0.559010983
4856,0.077616654
4857,0.873062372
4858,0.994128227
4859,0.579621792
4860,0.794458449
4861,0.3868922
4862,0.93027395
4863,0.663045168
4864,0.658940434
4865,0.39559862
4866,0.717824757
4867,0.257116765
4868,0.860141158
4869,0.860921085
4870,0.423050582
4871,0.883046329
4872,0.263119817
4873,0.454803467
4874,0.310801148
4875,0.198655471
4876,0.337243795
4877,0.579581618
4878,0.264006495
4879,0.843728721
4880,0.352687776
4881,0.844898164
4882,0.219787225
4883,0.525580049
4884,0.613710523
4885,0.056322556
4886,0.055670045
4887,0.200582847
4888,0.322113872
4889,0.044359278
4890,0.440261364
4891,0.669000506
4892,0.62090373
4893,0.304949313
4894,0.510232985
4895,0.055331927
4896,0.654165983
4897,0.391931832
4898,0.945382416
4899,0.162793756
4900,0.972981095
4901,0.191250041
4902,0.97937423
4903,0.924099386
4904,0.262997359
4905,0.061124913
4906,0.689643562
4907,0.250200719
4908,0.861029029
4909,0.314779252
4910,0.91837728
4911,0.526854575
4912,0.872558057
4913,0.912271738
4914,0.368318588
4915,0.568048418
4916,0.799570739
4917,0.785581887
4918,0.25831297
4919,0.762639284
4920,0.442667276
4921,0.98685497
4922,0.551216304
4923,0.983694077
4924,0.58883673
4925,0.109791256
4926,0.391584009
4927,0.324540138
4928,0.971666455
4929,0.45814395
4930,0.748578131
4931,0.302775472
4932,0.871638536
4933,0.830308914
4934,0.490576714
4935,0.845328689
4936,0.592140138
4937,0.13310042
4938,0.547878265
4939,0.166805163
4940,0.064050131
4941,0.910630822
4942,0.986447573
4943,0.949282289
4944,0.061299503
4945,0.674524963
4946,0.289015889
4947,0.337124735
4948,0.357676834
4949,0.925759017
4950,0.11995139
4951,0.285011262
4952,0.18640478
4953,0.046140015
4954,0.943725526
4955,0.979683161
4956,0.396935225
4957,0.058475889
4958,0.286277294
4959,0.904841125
4960,0.155689672
4961,0.905685544
4962,0.025810085
4963,0.86932981
4964,0.908122778
4965,0.170792431
4966,0.050161574
4967,0.76278007
4968,0.061069354
4969,0.715456665
4970,0.93801254
4971,0.465364993
4972,0.76964879
4973,0.97180891
4974,0.897380888
4975,0.852060139
4976,0.29600063
4977,0.162290081
4978,0.767902672
4979,0.376702726
4980,0.847817004
4981,0.214598775
4982,0.356021315
4983,0.647749662
4984,0.008633032
4985,0.465016812
4986,0.120569766
4987,0.930827916
4988,0.941052556
4989,0.821683884
4990,0.323360354
4991,0.229468524
4992,0.664480925
4993,0.121633254
4994,0.600721419
4995,0.067605533
4996,0.941817224
4997,0.554651856
4998,0.16166167
4999,0.413720399
5000,0.636467397
5001,0.978694081
5002,0.423644364
5003,0.7270509
5004,0.550460994
5005,0.811671853
5006,0.415026784
5007,0.324350297
5008,0.886639118
5009,0.526962996
5010,0.071457557
5011,0.961670995
5012,0.847926855
5013,0.080299035
5014,0.391753286
5015,0.613676429
5016,0.119567059
5017,0.16248934
5018,0.597751498
5019,0.963774085
5020,0.736890972
5021,0.964106143
5022,0.427082181
5023,0.785067677
5024,0.124015696
5025,0.843166828
5026,0.567626059
5027,0.134187087
5028,0.387634367
5029,0.629258037
5030,0.230142385
5031,0.535371065
5032,0.603173435
5033,0.761708379
5034,0.542145967
5035,0.460157454
5036,0.156653196
5037,0.412302732
5038,0.343413502
5039,0.213372931
5040,0.79122299
5041,0.05150038
5042,0.704995155
5043,0.365685135
5044,0.798475504
5045,0.226156622
5046,0.296236753
5047,0.944552004
5048,0.357733399
5049,0.708921671
5050,0.761752129
5051,0.632254064
5052,0.839731693
5053,0.681509733
5054,0.96637249
5055,0.068085395
5056,0.611418843
5057,0.988761008
5058,0.566887975
5059,0.967978239
5060,0.599742472
5061,0.898990452
5062,0.470141083
5063,0.280097425
5064,0.314246774
5065,0.910905302
5066,0.167881653
5067,0.01475386
5068,0.199729055
5069,0.419083029
5070,0.960625291
5071,0.026118048
5072,0.969608605
5073,0.84986335
5074,0.149431124
5075,0.060408674
5076,0.215022638
5077,0.778466403
5078,0.320854127
5079,0.06032481
5080,0.281283766
5081,0.272615552
5082,0.822519362
5083,0.019260645
5084,0.926254153
5085,0.55079639
5086,0.902851105
5087,0.092619449
5088,0.894299269
5089,0.149203807
5090,0.949686587
5091,0.317327738
5092,0.687121272
5093,0.437824428
5094,0.771335602
5095,0.983242035
5096,0.913414955
5097,0.332532823
5098,0.077321865
5099,0.237323791
5100,0.974191964
5101,0.709174395
5102,0.901484728
5103,0.962815523
5104,0.538299441
5105,0.944813192
5106,0.963621974
5107,0.303156108
5108,0.577753901
5109,0.347964376
5110,0.117437035
5111,0.638432562
5112,0.491412491
5113,0.443840802
5114,0.933801055
5115,0.61259526
5116,0.989486873
5117,0.529243648
5118,0.8268345
5119,0.950337708
5120,0.944333196
5121,0.460729927
5122,0.957603812
5123,0.524604797
5124,0.285202205
5125,0.554286301
5126,0.915572286
5127,0.375461638
5128,0.554305971
5129,0.049560212
5130,0.630166769
5131,0.354965836
5132,0.143213734
5133,0.731827557
5134,0.384855062
5135,0.210598692
5136,0.668555498
5137,0.726995826
5138,0.495219201
5139,0.907885194
5140,0.94745785
5141,0.249738127
5142,0.062426329
5143,0.362952054
5144,0.956990719
5145,0.645840585
5146,0.026130643
5147,0.73942548
5148,0.656190813
5149,0.040439676
5150,0.04615384
5151,0.199549168
5152,0.797886133
5153,0.915757418
5154,0.959553182
5155,0.546934128
5156,0.90798229
5157,0.31423077
5158,0.877914906
5159,0.327825338
5160,0.477925956
5161,0.285239875
5162,0.192663983
5163,0.470075965
5164,0.894729555
5165,0.673825085
5166,0.471189708
5167,0.384411663
5168,0.827050269
5169,0.824754596
5170,0.762376726
5171,0.211468443
5172,0.645137966
5173,0.74401623
5174,0.247394264
5175,0.218582541
5176,0.946727455
5177,0.452967912
5178,0.405263275
5179,0.853386879
5180,0.029218959
5181,0.801007748
5182,0.704289556
5183,0.290445179
5184,0.851139069
5185,0.694889069
5186,0.940349996
5187,0.481728464
5188,0.908631861
5189,0.954807401
5190,0.392013788
5191,0.71624428
5192,0.917327225
5193,0.186895132
5194,0.804467916
5195,0.175063848
5196,0.690009713
5197,0.270095199
5198,0.732860088
5199,0.777134895
5200,0.204546034
5201,0.308151215
5202,0.439224839
5203,0.325033784
5204,0.514513373
5205,0.451725572
5206,0.456394732
5207,0.908786118
5208,0.011308839
5209,0.981795371
5210,0.40342468
5211,0.178906545
5212,0.667476177
5213,0.263776988
5214,0.720077693
5215,0.776939332
5216,0.930518806
5217,0.926968753
5218,0.428266317
5219,0.020730605
5220,0.231477737
5221,0.100685678
5222,0.930693924
5223,0.745516837
5224,0.795418084
5225,0.314181745
5226,0.125077099
5227,0.862999499
5228,0.885048211
5229,0.720042646
5230,0.885005891
5231,0.046528473
5232,0.820640326
5233,0.301212549
5234,0.816642344
5235,0.577975273
5236,0.470203131
5237,0.974176347
5238,0.413632035
5239,0.224535525
5240,0.34150371
5241,0.903192461
5242,0.532623708
5243,0.424880922
5244,0.428993791
5245,0.963110387
5246,0.646575153
5247,0.949956179
5248,0.036835518
5249,0.918692768
5250,0.061590333
5251,0.600585043
5252,0.183927312
5253,0.502828002
5254,0.626158655
5255,0.188274816
5256,0.450475693
5257,0.508681655
5258,0.173446119
5259,0.014594995
5260,0.985208511
5261,0.811540544
5262,0.592730284
5263,0.019888656
5264,0.75299418
5265,0.893982708
5266,0.93453604
5267,0.892878175
5268,0.63483119
5269,0.463428229
5270,0.924108148
5271,0.70797956
5272,0.730418622
5273,0.101398304
5274,0.750368953
5275,0.059341028
5276,0.968602598
5277,0.235863864
5278,0.455150068
5279,0.979767203
5280,0.172546819
5281,0.093572766
5282,0.628091812
5283,0.947847903
5284,0.335854918
5285,0.88132441
5286,0.89218694
5287,0.750663519
5288,0.153595686
5289,0.469199032
5290,0.354805827
5291,0.764348567
5292,0.245906666
5293,0.732380867
5294,0.50546968
5295,0.489898443
5296,0.668681979
5297,0.566121459
5298,0.554114819
5299,0.326836616
5300,0.046810348
5301,0.962226272
5302,0.673877001
5303,0.725509286
5304,0.902436078
5305,0.343494087
5306,0.619230688
5307,0.731727898
5308,0.760844409
5309,0.071201913
5310,0.957094133
5311,0.861617506
5312,0.912145495
5313,0.926223397
5314,0.988485396
5315,0.779878259
5316,0.195573032
5317,0.235159218
5318,0.113242328
5319,0.978958368
5320,0.503187835
5321,0.607341766
5322,0.219094023
5323,0.11615146
5324,0.177080542
5325,0.326063126
5326,0.218234614
5327,0.208975628
5328,0.876936436
5329,0.07776098
5330,0.151585042
5331,0.378887057
5332,0.373917639
5333,0.687169969
5334,0.779386699
5335,0.20332551
5336,0.32343331
5337,0.518189788
5338,0.990919113
5339,0.020449357
5340,0.028957086
5341,0.323495388
5342,0.482193828
5343,0.151079699
5344,0.052294705
5345,0.767290235
5346,0.371941239
5347,0.724528611
5348,0.774598241
5349,0.796410441
5350,0.010062541
5351,0.569069028
5352,0.225460783
5353,0.775045156
5354,0.094208829
5355,0.543961465
5356,0.459432602
5357,0.432309508
5358,0.973668575
5359,0.057547655
5360,0.726683319
5361,0.461335033
5362,0.110873945
5363,0.605585754
5364,0.238147587
5365,0.896859288
5366,0.486549497
5367,0.248697028
5368,0.352393836
5369,0.352084249
5370,0.787602246
5371,0.319976449
5372,0.10260193
5373,0.556565702
5374,0.755855381
5375,0.846352875
5376,0.128817067
5377,0.193727359
5378,0.454695433
5379,0.687207282
5380,0.127596214
5381,0.817933142
5382,0.828643024
5383,0.657145917
5384,0.348921567
5385,0.508142173
5386,0.848499238
5387,0.937028706
5388,0.80332613
5389,0.641094327
5390,0.404789746
5391,0.27035284
5392,0.359366059
5393,0.431923479
5394,0.209155798
5395,0.437062532
5396,0.900182366
5397,0.610222399
5398,0.499001175
5399,0.53825146
5400,0.329542518
5401,0.905197382
5402,0.685189486
5403,0.065724127
5404,0.435359448
5405,0.969906807
5406,0.47806868
5407,0.486387908
5408,0.175274089
5409,0.720730066
5410,0.584304869
5411,0.246962756
5412,0.321177244
5413,0.467932194
5414,0.510953486
5415,0.053174693
5416,0.379204065
5417,0.492500126
5418,0.961334348
5419,0.962160826
5420,0.031344503
5421,0.839802861
5422,0.421961516
5423,0.814792633
5424,0.791271448
5425,0.769151032
5426,0.679377675
5427,0.91404736
5428,0.424214244
5429,0.711750865
5430,0.984703958
5431,0.595976293
5432,0.054297019
5433,0.512380123
5434,0.300951272
5435,0.755580068
5436,0.282898456
5437,0.019416314
5438,0.163129449
5439,0.758195281
5440,0.287510276
5441,0.908843815
5442,0.813864708
5443,0.984402716
5444,0.583381236
5445,0.872645974
5446,0.015334419
5447,0.135478735
5448,0.782442212
5449,0.809670687
5450,0.199608952
5451,0.298862427
5452,0.578515589
5453,0.409242094
5454,0.815276325
5455,0.62958461
5456,0.254530698
5457,0.171630755
5458,0.137318701
5459,0.821386158
5460,0.129311562
5461,0.109946139
5462,0.219712526
5463,0.333712518
5464,0.254280329
5465,0.305815965
5466,0.035969559
5467,0.019341823
5468,0.966433227
5469,0.941341043
5470,0.464948863
5471,0.429593563
5472,0.912104785
5473,0.142462879
5474,0.103504427
5475,0.040369924
5476,0.307202548
5477,0.025378674
5478,0.479881078
5479,0.45897001
5480,0.863058388
5481,0.650828779
5482,0.76246655
5483,0.716192722
5484,0.946416497
5485,0.180392474
5486,0.593444169
5487,0.786887765
5488,0.870260775
5489,0.778371334
5490,0.757197201
5491,0.076763079
5492,0.100930013
5493,0.494509429
5494,0.062910266
5495,0.394558579
5496,0.941968024
5497,0.824091077
5498,0.156102329
5499,0.710057557
5500,0.638703346
5501,0.345872939
5502,0.366738766
5503,0.462268502
5504,0.63022238
5505,0.273573697
5506,0.984484017
5507,0.614811778
5508,0.274670601
5509,0.053534057
5510,0.290907621
5511,0.166003734
5512,0.422997922
5513,0.864640415
5514,0.845014453
5515,0.754287958
5516,0.029770248
5517,0.624483109
5518,0.340710044
5519,0.103466064
5520,0.053692099
5521,0.039062701
5522,0.605298936
5523,0.576972246
5524,0.457316369
5525,0.250831127
5526,0.082936816
5527,0.067260228
5528,0.979335368
5529,0.313753217
5530,0.131273225
5531,0.50059849
5532,0.041549772
5533,0.978333771
5534,0.048551027
5535,0.588605225
5536,0.768454969
5537,0.233228117
5538,0.724058747
5539,0.921694636
5540,0.939618707
5541,0.715978444
5542,0.715052068
5543,0.683109105
5544,0.89617908
5545,0.427048981
5546,0.493857443
5547,0.254552215
5548,0.388812691
5549,0.648688912
5550,0.222841233
5551,0.667546272
5552,0.926277339
5553,0.232443899
5554,0.680166364
5555,0.893906295
5556,0.289382815
5557,0.155896187
5558,0.821385264
5559,0.011182625
5560,0.80798763
5561,0.172438473
5562,0.652379751
5563,0.990789175
5564,0.840562701
5565,0.968774855
5566,0.796151638
5567,0.381128043
5568,0.708776712
5569,0.543328464
5570,0.218020469
5571,0.485963345
5572,0.613510072
5573,0.477082729
5574,0.577603102
5575,0.548815846
5576,0.111681111
5577,0.964792669
5578,0.051491208
5579,0.881374955
5580,0.74314779
5581,0.917653739
5582,0.474431038
5583,0.70980978
5584,0.009049212
5585,0.973780751
5586,0.674311519
5587,0.879420161
5588,0.242851108
5589,0.02857592
5590,0.630363584
5591,0.057303146
5592,0.80737406
5593,0.027014155
5594,0.827407539
5595,0.335133493
5596,0.6413396
5597,0.186771542
5598,0.194748938
5599,0.79475683
5600,0.032076284
5601,0.418852806
5602,0.266686291
5603,0.303534061
5604,0.304932952
5605,0.979264736
5606,0.750497401
5607,0.961414516
5608,0.761958003
5609,0.484963089
5610,0.107936189
5611,0.099320039
5612,0.511315882
5613,0.469046384
5614,0.120513037
5615,0.569131792
5616,0.203742087
5617,0.794648051
5618,0.500472307
5619,0.755211353
5620,0.593104899
5621,0.673781395
5622,0.933195591
5623,0.938925922
5624,0.144264355
5625,0.2183415
5626,0.759959161
5627,0.544528663
5628,0.50893116
5629,0.371910632
5630,0.709719181
5631,0.883173704
5632,0.507763147
5633,0.442705095
5634,0.885631025
5635,0.615946889
5636,0.64610821
5637,0.068489715
5638,0.975204885
5639,0.407566816
5640,0.381330848
5641,0.691323638
5642,0.723540246
5643,0.344812423
5644,0.216522008
5645,0.581998527
5646,0.294655144
5647,0.97421968
5648,0.439354479
5649,0.861001492
5650,0.473432392
5651,0.776473939
5652,0.738433003
5653,0.216544539
5654,0.564686418
5655,0.009957052
5656,0.933548927
5657,0.447395831
5658,0.769116223
5659,0.695345759
5660,0.692786157
5661,0.135247111
5662,0.75027144
5663,0.150566757
5664,0.191851944
5665,0.89765054
5666,0.948916256
5667,0.823622406
5668,0.800218701
5669,0.936676383
5670,0.483598858
5671,0.823934138
5672,0.862894237
5673,0.343884826
5674,0.795785427
5675,0.780370116
5676,0.315931469
5677,0.420653284
5678,0.598683298
5679,0.92244029
5680,0.24678497
5681,0.950158
5682,0.230901554
5683,0.598170042
5684,0.962222755
5685,0.869955659
5686,0.748131335
5687,0.285359859
5688,0.640908837
5689,0.076673724
5690,0.519079268
5691,0.537797809
5692,0.149778962
5693,0.61489588
5694,0.562234759
5695,0.440695524
5696,0.868234813
5697,0.687422991
5698,0.125016242
5699,0.612054229
5700,0.348708481
5701,0.449092627
5702,0.736923397
5703,0.690585196
5704,0.446929872
5705,0.744025588
5706,0.90987438
5707,0.296241403
5708,0.166124091
5709,0.41794911
5710,0.700183868
5711,0.050733015
5712,0.482269466
5713,0.985586345
5714,0.768564105
5715,0.601462841
5716,0.945477068
5717,0.8187958
5718,0.966027081
5719,0.543105841
5720,0.928117514
5721,0.853387654
5722,0.50725472
5723,0.076702215
5724,0.97180593
5725,0.567051947
5726,0.4306584
5727,0.850506663
5728,0.785730362
5729,0.875198066
5730,0.997793019
5731,0.339685321
5732,0.806027472
5733,0.27688852
5734,0.866319478
5735,0.931698918
5736,0.111886032
5737,0.984168649
5738,0.260347784
5739,0.46360305
5740,0.794589102
5741,0.938408434
5742,0.968930006
5743,0.68830961
5744,0.8793751
5745,0.058058962
5746,0.969143808
5747,0.321363956
5748,0.147269741
5749,0.611493766
5750,0.818562806
5751,0.48402679
5752,0.229705095
5753,0.611867547
5754,0.868870735
5755,0.050834648
5756,0.882746637
5757,0.083608232
5758,0.416322708
5759,0.83493948
5760,0.980586767
5761,0.530855477
5762,0.957968652
5763,0.019200275
5764,0.08533027
5765,0.502377868
5766,0.136754766
5767,0.208756745
5768,0.314901888
5769,0.289664298
5770,0.212132245
5771,0.885864079
5772,0.741300285
5773,0.493453383
5774,0.699567974
5775,0.369736463
5776,0.932120621
5777,0.572771728
5778,0.856283784
5779,0.159193933
5780,0.638250709
5781,0.922353864
5782,0.432816833
5783,0.479421705
5784,0.214540914
5785,0.784691453
5786,0.795868456
5787,0.775015712
5788,0.8356148
5789,0.647278607
5790,0.404222727
5791,0.910343587
5792,0.45946005
5793,0.753466189
5794,0.589295566
5795,0.026765434
5796,0.567945957
5797,0.572229266
5798,0.048874643
5799,0.420291305
5800,0.048896693
5801,0.147992566
5802,0.919707179
5803,0.97168535
5804,0.175525308
5805,0.010541562
5806,0.064287648
5807,0.205374375
5808,0.632304013
5809,0.249224335
5810,0.338778168
5811,0.608959854
5812,0.235524103
5813,0.697396636
5814,0.986798644
5815,0.364101857
5816,0.947882056
5817,0.018022349
5818,0.832419038
5819,0.816962659
5820,0.066663325
5821,0.331299901
5822,0.754973769
5823,0.987307191
5824,0.668552399
5825,0.016909953
5826,0.147238746
5827,0.82459259
5828,0.019411877
5829,0.162503839
5830,0.935515165
5831,0.620111585
5832,0.04246857
5833,0.638504148
5834,0.393976152
5835,0.226038128
5836,0.711299121
5837,0.1938667
5838,0.37807855
5839,0.086665146
5840,0.247753009
5841,0.910451472
5842,0.11809247
5843,0.31311664
5844,0.174172401
5845,0.901495636
5846,0.55082494
5847,0.746825397
5848,0.070039719
5849,0.025006987
5850,0.994395137
5851,0.029289512
5852,0.650449336
5853,0.641271114
5854,0.625832498
5855,0.694969237
5856,0.752951086
5857,0.637509882
5858,0.363087714
5859,0.725837946
5860,0.918209612
5861,0.971447349
5862,0.671140075
5863,0.858169854
5864,0.977522671
5865,0.852449298
5866,0.326943427
5867,0.589379907
5868,0.991958141
5869,0.567005157
5870,0.779154003
5871,0.402613342
5872,0.663578093
5873,0.208267018
5874,0.743887782
5875,0.064314783
5876,0.972692966
5877,0.064110041
5878,0.137191549
5879,0.520279944
5880,0.333555698
5881,0.858864129
5882,0.070764914
5883,0.0459207
5884,0.977522492
5885,0.356779784
5886,0.544364631
5887,0.521507263
5888,0.679463148
5889,0.444633782
5890,0.441762507
5891,0.181542844
5892,0.204786211
5893,0.924595118
5894,0.787405372
5895,0.144647434
5896,0.014636508
5897,0.961101234
5898,0.988854349
5899,0.42093581
5900,0.418438196
5901,0.051326934
5902,0.335138857
5903,0.083962992
5904,0.361216366
5905,0.820400059
5906,0.138682961
5907,0.672606885
5908,0.687581539
5909,0.4422867
5910,0.379893512
5911,0.640788496
5912,0.95090127
5913,0.237962261
5914,0.074393041
5915,0.928447306
5916,0.683858454
5917,0.045580227
5918,0.703119934
5919,0.052573629
5920,0.626288414
5921,0.77215302
5922,0.143658429
5923,0.76205194
5924,0.075686134
5925,0.798459649
5926,0.091409303
5927,0.839480162
5928,0.927659452
5929,0.021842413
5930,0.693090022
5931,0.515702546
5932,0.916336834
5933,0.490038604
5934,0.453295022
5935,0.546054184
5936,0.131473035
5937,0.052741963
5938,0.255726695
5939,0.657749295
5940,0.02279768
5941,0.911007226
5942,0.267244816
5943,0.008087745
5944,0.147572815
5945,0.758526564
5946,0.492453068
5947,0.216657564
5948,0.414653003
5949,0.754881561
5950,0.511840165
5951,0.482029706
5952,0.46558702
